customer_id,age,gender,city,plan_id
C00001,56,Male,Kinshasa,3
C00002,69,Female,Kananga,3
C00003,46,Female,Matadi,4
C00004,32,Female,Mbuji-Mayi,1
C00005,60,Male,Mbuji-Mayi,2
C00006,25,Female,Lubumbashi,1
C00007,38,Female,Kolwezi,1
C00008,56,Female,Lubumbashi,2
C00009,36,Male,Matadi,1
C00010,40,Male,Mbuji-Mayi,3
C00011,28,Female,Kinshasa,2
C00012,28,Female,Kananga,3
C00013,41,Female,Lubumbashi,1
C00014,53,Male,Mbuji-Mayi,4
C00015,57,Male,Kananga,4
C00016,41,Male,Kolwezi,4
C00017,20,Female,Bukavu,3
C00018,39,Male,Kananga,3
C00019,19,Female,Mbuji-Mayi,2
C00020,41,Female,Matadi,1
C00021,61,Male,Lubumbashi,2
C00022,47,Female,Lubumbashi,3
C00023,55,Male,Kisangani,4
C00024,19,Female,Mbuji-Mayi,2
C00025,38,Female,Kisangani,1
C00026,50,Male,Kinshasa,2
C00027,29,Female,Kinshasa,4
C00028,39,Female,Mbuji-Mayi,1
C00029,61,Female,Lubumbashi,1
C00030,42,Female,Kolwezi,2
C00031,66,Female,Goma,1
C00032,44,Female,Kinshasa,1
C00033,59,Female,Lubumbashi,1
C00034,45,Female,Likasi,3
C00035,33,Male,Likasi,1
C00036,32,Male,Kisangani,2
C00037,64,Female,Kananga,3
C00038,68,Female,Kolwezi,4
C00039,61,Male,Kisangani,4
C00040,69,Female,Likasi,2
C00041,20,Male,Kolwezi,4
C00042,54,Male,Goma,1
C00043,68,Male,Kananga,3
C00044,24,Female,Kisangani,2
C00045,38,Female,Likasi,1
C00046,26,Female,Kinshasa,2
C00047,56,Male,Kinshasa,1
C00048,35,Male,Kisangani,3
C00049,21,Male,Goma,1
C00050,42,Female,Goma,2
C00051,31,Male,Mbuji-Mayi,1
C00052,67,Male,Kananga,1
C00053,26,Female,Lubumbashi,4
C00054,43,Male,Goma,3
C00055,19,Male,Kananga,4
C00056,37,Female,Goma,1
C00057,45,Female,Mbuji-Mayi,1
C00058,64,Male,Bukavu,2
C00059,24,Female,Goma,2
C00060,61,Male,Kananga,1
C00061,25,Female,Mbuji-Mayi,3
C00062,64,Male,Mbuji-Mayi,1
C00063,52,Female,Kananga,1
C00064,31,Male,Kananga,1
C00065,34,Female,Kinshasa,2
C00066,53,Female,Bukavu,3
C00067,67,Female,Mbuji-Mayi,2
C00068,57,Female,Kinshasa,2
C00069,21,Female,Kolwezi,1
C00070,19,Female,Kisangani,4
C00071,23,Female,Kisangani,4
C00072,59,Male,Mbuji-Mayi,2
C00073,21,Male,Kinshasa,1
C00074,46,Female,Bukavu,2
C00075,35,Female,Bukavu,2
C00076,43,Male,Kolwezi,4
C00077,61,Male,Mbuji-Mayi,4
C00078,51,Female,Goma,3
C00079,27,Male,Kolwezi,1
C00080,53,Male,Kinshasa,4
C00081,31,Female,Goma,2
C00082,48,Female,Kisangani,3
C00083,65,Female,Matadi,2
C00084,32,Male,Kisangani,1
C00085,25,Female,Mbuji-Mayi,2
C00086,31,Female,Kananga,1
C00087,40,Male,Kisangani,1
C00088,57,Female,Likasi,3
C00089,38,Male,Kisangani,1
C00090,33,Male,Kisangani,1
C00091,62,Male,Kisangani,1
C00092,35,Male,Kisangani,2
C00093,64,Male,Goma,4
C00094,41,Male,Goma,1
C00095,43,Female,Kisangani,1
C00096,42,Female,Lubumbashi,4
C00097,62,Female,Lubumbashi,3
C00098,58,Male,Goma,1
C00099,46,Female,Matadi,3
C00100,32,Male,Kananga,2
C00101,62,Female,Kolwezi,3
C00102,18,Male,Likasi,2
C00103,42,Female,Likasi,4
C00104,24,Male,Kisangani,1
C00105,26,Female,Matadi,1
C00106,41,Male,Lubumbashi,1
C00107,18,Female,Lubumbashi,2
C00108,61,Male,Matadi,4
C00109,25,Female,Kananga,2
C00110,41,Female,Goma,1
C00111,28,Female,Kananga,2
C00112,68,Male,Mbuji-Mayi,2
C00113,34,Male,Mbuji-Mayi,4
C00114,25,Male,Lubumbashi,2
C00115,52,Male,Kolwezi,2
C00116,52,Male,Mbuji-Mayi,3
C00117,50,Female,Lubumbashi,3
C00118,22,Male,Kisangani,2
C00119,59,Female,Bukavu,1
C00120,56,Female,Bukavu,3
C00121,58,Male,Kinshasa,3
C00122,45,Female,Kisangani,3
C00123,24,Male,Bukavu,4
C00124,26,Male,Kananga,3
C00125,25,Male,Kinshasa,3
C00126,29,Female,Lubumbashi,4
C00127,51,Male,Matadi,1
C00128,50,Male,Matadi,2
C00129,65,Male,Lubumbashi,2
C00130,40,Female,Kolwezi,1
C00131,41,Male,Lubumbashi,3
C00132,54,Female,Goma,3
C00133,52,Female,Matadi,3
C00134,61,Male,Bukavu,4
C00135,57,Female,Likasi,1
C00136,39,Female,Kinshasa,3
C00137,44,Male,Kolwezi,2
C00138,52,Male,Mbuji-Mayi,1
C00139,18,Male,Kisangani,1
C00140,52,Female,Kolwezi,3
C00141,54,Male,Mbuji-Mayi,2
C00142,64,Female,Kolwezi,3
C00143,31,Female,Likasi,2
C00144,20,Female,Kolwezi,1
C00145,18,Female,Bukavu,1
C00146,22,Female,Lubumbashi,1
C00147,43,Male,Goma,4
C00148,31,Male,Kinshasa,1
C00149,56,Female,Matadi,4
C00150,44,Female,Mbuji-Mayi,4
C00151,26,Male,Kinshasa,4
C00152,32,Male,Kolwezi,2
C00153,32,Female,Lubumbashi,4
C00154,43,Female,Kinshasa,1
C00155,59,Male,Lubumbashi,1
C00156,30,Male,Mbuji-Mayi,1
C00157,68,Female,Bukavu,4
C00158,49,Male,Bukavu,1
C00159,56,Male,Lubumbashi,2
C00160,66,Female,Lubumbashi,1
C00161,69,Female,Goma,1
C00162,49,Female,Kisangani,1
C00163,21,Male,Goma,3
C00164,47,Female,Kinshasa,2
C00165,54,Male,Kananga,4
C00166,40,Female,Goma,2
C00167,56,Female,Kinshasa,4
C00168,62,Male,Matadi,2
C00169,32,Male,Kinshasa,2
C00170,60,Female,Kinshasa,2
C00171,46,Female,Lubumbashi,2
C00172,53,Male,Likasi,3
C00173,30,Female,Kolwezi,2
C00174,49,Male,Lubumbashi,3
C00175,24,Male,Lubumbashi,3
C00176,68,Female,Likasi,1
C00177,39,Male,Likasi,2
C00178,45,Male,Kolwezi,1
C00179,19,Male,Kananga,2
C00180,59,Female,Matadi,2
C00181,62,Male,Goma,4
C00182,23,Female,Kinshasa,1
C00183,45,Female,Goma,1
C00184,45,Female,Bukavu,1
C00185,61,Male,Mbuji-Mayi,1
C00186,61,Male,Kananga,3
C00187,37,Female,Mbuji-Mayi,3
C00188,47,Female,Kinshasa,3
C00189,28,Male,Likasi,3
C00190,45,Female,Kinshasa,1
C00191,42,Female,Matadi,1
C00192,56,Male,Goma,1
C00193,50,Female,Kolwezi,3
C00194,18,Male,Kisangani,3
C00195,44,Male,Kisangani,2
C00196,69,Female,Kolwezi,1
C00197,30,Male,Likasi,1
C00198,58,Male,Kisangani,4
C00199,20,Male,Likasi,1
C00200,56,Female,Lubumbashi,3
C00201,23,Female,Matadi,1
C00202,25,Female,Kananga,1
C00203,44,Male,Goma,3
C00204,26,Male,Goma,1
C00205,54,Female,Kananga,3
C00206,50,Female,Kinshasa,3
C00207,68,Male,Kinshasa,2
C00208,59,Female,Mbuji-Mayi,3
C00209,61,Female,Kinshasa,2
C00210,41,Female,Likasi,1
C00211,32,Female,Kolwezi,3
C00212,49,Female,Lubumbashi,2
C00213,49,Male,Kananga,1
C00214,41,Female,Likasi,4
C00215,58,Female,Likasi,2
C00216,69,Male,Mbuji-Mayi,3
C00217,66,Male,Likasi,3
C00218,66,Male,Matadi,2
C00219,69,Male,Kinshasa,2
C00220,29,Female,Goma,2
C00221,56,Female,Matadi,2
C00222,19,Female,Lubumbashi,3
C00223,20,Female,Lubumbashi,3
C00224,66,Male,Lubumbashi,1
C00225,54,Male,Kinshasa,2
C00226,66,Female,Likasi,4
C00227,34,Female,Lubumbashi,2
C00228,66,Female,Kananga,3
C00229,19,Female,Goma,3
C00230,19,Male,Likasi,1
C00231,45,Female,Mbuji-Mayi,1
C00232,40,Male,Kinshasa,3
C00233,54,Male,Kolwezi,2
C00234,49,Male,Matadi,2
C00235,50,Male,Bukavu,3
C00236,18,Female,Matadi,3
C00237,36,Female,Lubumbashi,1
C00238,19,Female,Goma,1
C00239,61,Female,Mbuji-Mayi,1
C00240,43,Male,Likasi,2
C00241,49,Male,Kananga,1
C00242,23,Male,Kisangani,2
C00243,49,Female,Matadi,1
C00244,21,Male,Kisangani,2
C00245,28,Male,Likasi,1
C00246,34,Male,Goma,2
C00247,55,Male,Kisangani,2
C00248,41,Female,Matadi,1
C00249,22,Male,Kolwezi,4
C00250,69,Male,Bukavu,1
C00251,51,Female,Kisangani,2
C00252,23,Female,Kolwezi,4
C00253,39,Female,Kolwezi,2
C00254,28,Male,Lubumbashi,3
C00255,65,Male,Bukavu,1
C00256,33,Male,Kananga,2
C00257,50,Male,Matadi,2
C00258,26,Female,Mbuji-Mayi,1
C00259,23,Male,Likasi,2
C00260,33,Male,Mbuji-Mayi,1
C00261,46,Female,Kisangani,2
C00262,20,Female,Bukavu,4
C00263,37,Female,Kisangani,1
C00264,53,Male,Bukavu,1
C00265,36,Male,Matadi,2
C00266,43,Male,Likasi,2
C00267,20,Male,Likasi,3
C00268,36,Male,Matadi,2
C00269,37,Female,Kananga,1
C00270,49,Female,Kolwezi,3
C00271,24,Male,Bukavu,3
C00272,69,Male,Kinshasa,2
C00273,58,Male,Kinshasa,2
C00274,50,Male,Kolwezi,1
C00275,57,Male,Kisangani,1
C00276,56,Female,Bukavu,1
C00277,35,Female,Goma,2
C00278,57,Female,Likasi,4
C00279,18,Male,Mbuji-Mayi,2
C00280,28,Male,Goma,1
C00281,45,Female,Mbuji-Mayi,1
C00282,42,Female,Likasi,1
C00283,67,Male,Kinshasa,2
C00284,40,Female,Matadi,2
C00285,48,Female,Kananga,1
C00286,47,Male,Lubumbashi,2
C00287,59,Female,Kisangani,1
C00288,52,Female,Kolwezi,1
C00289,24,Female,Kinshasa,1
C00290,33,Male,Matadi,1
C00291,43,Female,Matadi,1
C00292,65,Female,Mbuji-Mayi,1
C00293,69,Female,Matadi,3
C00294,66,Male,Bukavu,3
C00295,19,Male,Kisangani,2
C00296,18,Female,Lubumbashi,3
C00297,65,Male,Kinshasa,1
C00298,29,Female,Bukavu,3
C00299,22,Male,Kinshasa,1
C00300,54,Male,Kananga,2
C00301,49,Female,Lubumbashi,2
C00302,26,Female,Matadi,1
C00303,58,Female,Kananga,4
C00304,52,Male,Mbuji-Mayi,1
C00305,36,Female,Kananga,1
C00306,65,Male,Goma,1
C00307,33,Male,Mbuji-Mayi,1
C00308,20,Female,Lubumbashi,1
C00309,37,Male,Kisangani,1
C00310,41,Female,Goma,1
C00311,50,Male,Kinshasa,3
C00312,41,Female,Kolwezi,1
C00313,69,Male,Kolwezi,1
C00314,28,Male,Goma,2
C00315,66,Female,Kisangani,4
C00316,25,Male,Bukavu,1
C00317,53,Female,Kolwezi,1
C00318,55,Male,Goma,4
C00319,57,Male,Lubumbashi,1
C00320,37,Male,Likasi,2
C00321,52,Female,Kisangani,1
C00322,65,Female,Kisangani,4
C00323,42,Female,Bukavu,4
C00324,52,Female,Mbuji-Mayi,3
C00325,42,Female,Matadi,1
C00326,46,Male,Kolwezi,2
C00327,35,Male,Matadi,1
C00328,63,Female,Matadi,3
C00329,35,Male,Lubumbashi,4
C00330,19,Male,Kinshasa,2
C00331,52,Male,Matadi,2
C00332,33,Male,Kisangani,1
C00333,58,Female,Bukavu,2
C00334,53,Male,Bukavu,2
C00335,50,Female,Likasi,1
C00336,21,Female,Kinshasa,1
C00337,50,Male,Mbuji-Mayi,1
C00338,31,Female,Kisangani,3
C00339,38,Male,Kisangani,3
C00340,65,Male,Likasi,4
C00341,37,Male,Kananga,3
C00342,25,Female,Likasi,2
C00343,24,Female,Matadi,1
C00344,20,Female,Goma,4
C00345,34,Male,Bukavu,2
C00346,50,Male,Likasi,2
C00347,65,Male,Matadi,2
C00348,29,Female,Kolwezi,3
C00349,68,Male,Kinshasa,1
C00350,39,Male,Kisangani,1
C00351,39,Female,Kananga,2
C00352,63,Female,Kinshasa,3
C00353,47,Female,Matadi,2
C00354,55,Male,Mbuji-Mayi,2
C00355,55,Male,Kolwezi,1
C00356,62,Male,Matadi,3
C00357,68,Female,Goma,3
C00358,25,Female,Lubumbashi,2
C00359,44,Female,Matadi,1
C00360,44,Female,Likasi,4
C00361,51,Male,Matadi,2
C00362,38,Male,Likasi,3
C00363,47,Male,Mbuji-Mayi,1
C00364,50,Male,Kisangani,1
C00365,45,Male,Bukavu,3
C00366,64,Male,Lubumbashi,1
C00367,50,Male,Mbuji-Mayi,2
C00368,22,Male,Likasi,2
C00369,65,Female,Bukavu,3
C00370,36,Female,Goma,1
C00371,21,Male,Kinshasa,1
C00372,52,Female,Lubumbashi,4
C00373,66,Male,Kananga,2
C00374,34,Male,Mbuji-Mayi,1
C00375,61,Female,Kinshasa,1
C00376,45,Male,Kinshasa,4
C00377,47,Male,Matadi,1
C00378,46,Male,Matadi,2
C00379,63,Male,Kananga,2
C00380,23,Male,Kananga,3
C00381,52,Male,Likasi,3
C00382,58,Male,Kananga,2
C00383,54,Female,Kinshasa,1
C00384,41,Female,Likasi,3
C00385,46,Male,Bukavu,2
C00386,66,Female,Kisangani,4
C00387,63,Male,Kisangani,2
C00388,48,Male,Kisangani,2
C00389,52,Male,Lubumbashi,1
C00390,50,Male,Lubumbashi,3
C00391,69,Female,Kananga,1
C00392,38,Female,Kisangani,1
C00393,49,Female,Goma,1
C00394,40,Female,Matadi,1
C00395,50,Male,Goma,1
C00396,20,Female,Kisangani,1
C00397,35,Male,Kisangani,3
C00398,42,Male,Matadi,1
C00399,59,Female,Kisangani,3
C00400,48,Male,Mbuji-Mayi,1
C00401,20,Female,Kinshasa,2
C00402,57,Female,Likasi,2
C00403,63,Female,Matadi,4
C00404,41,Female,Kisangani,3
C00405,67,Female,Lubumbashi,2
C00406,49,Male,Lubumbashi,3
C00407,64,Female,Kinshasa,1
C00408,39,Female,Lubumbashi,2
C00409,40,Male,Likasi,1
C00410,19,Female,Kolwezi,1
C00411,44,Female,Kolwezi,1
C00412,59,Male,Kolwezi,3
C00413,19,Male,Kinshasa,2
C00414,43,Female,Kinshasa,3
C00415,34,Male,Likasi,2
C00416,57,Female,Matadi,1
C00417,50,Male,Kananga,3
C00418,26,Female,Kolwezi,3
C00419,60,Female,Lubumbashi,4
C00420,65,Female,Goma,2
C00421,56,Male,Kananga,3
C00422,46,Female,Likasi,3
C00423,59,Male,Matadi,1
C00424,43,Female,Lubumbashi,1
C00425,52,Female,Kisangani,1
C00426,67,Female,Matadi,1
C00427,42,Female,Kolwezi,2
C00428,41,Female,Kolwezi,4
C00429,30,Male,Kisangani,2
C00430,24,Male,Likasi,3
C00431,53,Male,Bukavu,2
C00432,62,Female,Matadi,1
C00433,37,Female,Kisangani,1
C00434,18,Male,Likasi,2
C00435,25,Female,Likasi,3
C00436,63,Female,Kinshasa,4
C00437,33,Female,Matadi,1
C00438,31,Male,Lubumbashi,3
C00439,29,Male,Bukavu,1
C00440,68,Male,Mbuji-Mayi,2
C00441,40,Male,Goma,2
C00442,32,Male,Matadi,1
C00443,45,Female,Kananga,1
C00444,51,Female,Likasi,1
C00445,19,Female,Kinshasa,1
C00446,49,Female,Kisangani,3
C00447,40,Male,Kolwezi,1
C00448,39,Male,Kisangani,2
C00449,68,Female,Kisangani,1
C00450,42,Male,Bukavu,3
C00451,39,Female,Matadi,3
C00452,39,Female,Kisangani,3
C00453,66,Female,Bukavu,2
C00454,69,Female,Mbuji-Mayi,1
C00455,59,Male,Lubumbashi,3
C00456,23,Female,Mbuji-Mayi,1
C00457,32,Male,Matadi,1
C00458,60,Female,Kolwezi,1
C00459,54,Female,Mbuji-Mayi,2
C00460,50,Female,Bukavu,2
C00461,25,Female,Bukavu,2
C00462,61,Male,Goma,2
C00463,61,Female,Likasi,1
C00464,22,Male,Kananga,4
C00465,56,Female,Kananga,2
C00466,21,Female,Matadi,2
C00467,23,Female,Likasi,2
C00468,62,Male,Goma,1
C00469,49,Female,Kinshasa,1
C00470,69,Female,Kisangani,2
C00471,47,Female,Mbuji-Mayi,1
C00472,64,Female,Likasi,1
C00473,52,Female,Kisangani,3
C00474,57,Male,Kinshasa,2
C00475,69,Male,Kolwezi,2
C00476,33,Female,Goma,2
C00477,30,Female,Kisangani,4
C00478,67,Male,Goma,1
C00479,59,Female,Goma,3
C00480,47,Male,Likasi,2
C00481,36,Female,Bukavu,1
C00482,34,Female,Lubumbashi,1
C00483,36,Male,Matadi,2
C00484,45,Female,Kananga,2
C00485,43,Male,Goma,1
C00486,54,Male,Likasi,2
C00487,43,Male,Likasi,2
C00488,40,Female,Kisangani,2
C00489,26,Male,Kisangani,3
C00490,29,Male,Mbuji-Mayi,3
C00491,18,Female,Goma,2
C00492,18,Female,Lubumbashi,4
C00493,64,Female,Matadi,1
C00494,51,Female,Matadi,1
C00495,49,Female,Kolwezi,1
C00496,65,Female,Kolwezi,2
C00497,42,Male,Mbuji-Mayi,2
C00498,57,Female,Kananga,2
C00499,62,Male,Kolwezi,1
C00500,18,Female,Kinshasa,1
C00501,33,Male,Mbuji-Mayi,3
C00502,56,Male,Matadi,3
C00503,22,Female,Matadi,2
C00504,39,Female,Lubumbashi,2
C00505,46,Male,Likasi,2
C00506,20,Female,Kinshasa,1
C00507,29,Female,Kananga,2
C00508,43,Male,Kisangani,2
C00509,33,Male,Mbuji-Mayi,2
C00510,68,Male,Kolwezi,1
C00511,54,Female,Bukavu,4
C00512,39,Female,Lubumbashi,3
C00513,46,Female,Matadi,1
C00514,31,Female,Bukavu,2
C00515,45,Male,Mbuji-Mayi,4
C00516,22,Female,Goma,1
C00517,64,Male,Kananga,2
C00518,66,Female,Goma,2
C00519,47,Female,Mbuji-Mayi,2
C00520,63,Male,Goma,3
C00521,69,Female,Kananga,1
C00522,22,Female,Likasi,1
C00523,29,Male,Mbuji-Mayi,1
C00524,33,Female,Bukavu,1
C00525,43,Male,Goma,2
C00526,43,Male,Kananga,3
C00527,65,Male,Kolwezi,1
C00528,38,Male,Kisangani,2
C00529,56,Female,Kananga,2
C00530,53,Female,Lubumbashi,1
C00531,50,Female,Kisangani,2
C00532,47,Male,Kolwezi,2
C00533,54,Female,Kinshasa,2
C00534,40,Female,Bukavu,1
C00535,27,Female,Matadi,2
C00536,22,Female,Kolwezi,4
C00537,53,Male,Likasi,2
C00538,51,Male,Kisangani,1
C00539,69,Female,Likasi,2
C00540,48,Male,Kisangani,1
C00541,27,Female,Lubumbashi,2
C00542,36,Female,Kinshasa,1
C00543,49,Female,Matadi,1
C00544,18,Male,Lubumbashi,2
C00545,22,Female,Kolwezi,1
C00546,62,Male,Likasi,2
C00547,21,Male,Kisangani,1
C00548,33,Female,Kolwezi,1
C00549,41,Male,Kananga,3
C00550,33,Male,Kinshasa,4
C00551,19,Female,Bukavu,1
C00552,66,Male,Kananga,2
C00553,45,Male,Likasi,1
C00554,49,Female,Kinshasa,2
C00555,44,Female,Kinshasa,2
C00556,37,Male,Kolwezi,1
C00557,41,Female,Kananga,3
C00558,29,Female,Kolwezi,1
C00559,67,Male,Kolwezi,1
C00560,52,Male,Kolwezi,3
C00561,50,Female,Likasi,2
C00562,50,Male,Kisangani,2
C00563,68,Female,Kisangani,2
C00564,60,Female,Likasi,2
C00565,54,Male,Matadi,2
C00566,29,Male,Bukavu,1
C00567,20,Female,Lubumbashi,2
C00568,18,Female,Bukavu,2
C00569,50,Female,Likasi,2
C00570,57,Female,Goma,3
C00571,27,Male,Lubumbashi,1
C00572,60,Female,Matadi,2
C00573,61,Male,Mbuji-Mayi,1
C00574,46,Male,Lubumbashi,2
C00575,30,Female,Kinshasa,2
C00576,29,Male,Likasi,3
C00577,48,Male,Mbuji-Mayi,2
C00578,63,Female,Bukavu,3
C00579,19,Male,Mbuji-Mayi,3
C00580,68,Male,Likasi,4
C00581,67,Female,Bukavu,2
C00582,52,Female,Likasi,4
C00583,40,Female,Kananga,1
C00584,34,Female,Goma,1
C00585,43,Female,Matadi,2
C00586,25,Female,Matadi,4
C00587,46,Female,Kinshasa,2
C00588,43,Male,Goma,1
C00589,27,Male,Goma,2
C00590,43,Female,Kinshasa,2
C00591,51,Male,Bukavu,1
C00592,68,Male,Kinshasa,3
C00593,58,Female,Bukavu,4
C00594,24,Male,Kinshasa,3
C00595,21,Female,Lubumbashi,1
C00596,67,Male,Lubumbashi,1
C00597,62,Female,Kananga,1
C00598,28,Male,Kisangani,1
C00599,46,Male,Kinshasa,1
C00600,53,Male,Goma,3
C00601,42,Female,Lubumbashi,1
C00602,38,Male,Kolwezi,3
C00603,53,Male,Bukavu,4
C00604,27,Female,Lubumbashi,1
C00605,54,Female,Lubumbashi,4
C00606,26,Male,Likasi,3
C00607,41,Male,Bukavu,2
C00608,52,Male,Matadi,1
C00609,66,Male,Mbuji-Mayi,2
C00610,52,Female,Bukavu,1
C00611,65,Male,Kananga,2
C00612,53,Male,Likasi,1
C00613,35,Female,Bukavu,2
C00614,66,Male,Bukavu,1
C00615,56,Male,Kisangani,1
C00616,49,Male,Likasi,2
C00617,41,Female,Bukavu,2
C00618,40,Female,Mbuji-Mayi,2
C00619,49,Male,Mbuji-Mayi,1
C00620,54,Male,Kolwezi,3
C00621,29,Female,Likasi,2
C00622,66,Male,Matadi,1
C00623,30,Male,Bukavu,2
C00624,40,Female,Kisangani,2
C00625,42,Female,Kisangani,1
C00626,52,Female,Goma,2
C00627,58,Male,Matadi,3
C00628,47,Male,Kisangani,3
C00629,34,Male,Mbuji-Mayi,1
C00630,66,Male,Goma,3
C00631,37,Female,Kinshasa,1
C00632,65,Male,Kisangani,4
C00633,42,Male,Kananga,1
C00634,39,Female,Likasi,2
C00635,30,Female,Kisangani,2
C00636,36,Male,Lubumbashi,1
C00637,66,Female,Matadi,3
C00638,53,Female,Lubumbashi,2
C00639,29,Male,Kolwezi,1
C00640,58,Male,Kisangani,2
C00641,36,Male,Kinshasa,2
C00642,29,Male,Lubumbashi,1
C00643,26,Female,Lubumbashi,4
C00644,24,Female,Matadi,3
C00645,45,Male,Goma,1
C00646,31,Male,Kinshasa,2
C00647,48,Female,Lubumbashi,1
C00648,69,Male,Bukavu,3
C00649,36,Male,Kinshasa,4
C00650,64,Male,Bukavu,1
C00651,33,Male,Kisangani,3
C00652,22,Female,Lubumbashi,2
C00653,52,Male,Lubumbashi,1
C00654,29,Female,Mbuji-Mayi,4
C00655,42,Male,Mbuji-Mayi,2
C00656,69,Male,Matadi,2
C00657,38,Female,Likasi,2
C00658,53,Male,Likasi,1
C00659,40,Female,Goma,1
C00660,33,Male,Matadi,4
C00661,56,Male,Likasi,2
C00662,62,Male,Matadi,3
C00663,59,Male,Lubumbashi,1
C00664,56,Male,Mbuji-Mayi,2
C00665,31,Female,Mbuji-Mayi,4
C00666,48,Female,Mbuji-Mayi,1
C00667,22,Male,Likasi,1
C00668,52,Male,Kinshasa,2
C00669,40,Female,Kananga,1
C00670,46,Female,Lubumbashi,1
C00671,60,Male,Kisangani,3
C00672,28,Male,Matadi,4
C00673,35,Female,Mbuji-Mayi,2
C00674,64,Male,Mbuji-Mayi,3
C00675,29,Female,Mbuji-Mayi,3
C00676,26,Male,Lubumbashi,3
C00677,27,Female,Mbuji-Mayi,1
C00678,61,Female,Goma,1
C00679,34,Male,Matadi,1
C00680,55,Female,Lubumbashi,1
C00681,24,Male,Matadi,1
C00682,63,Male,Bukavu,1
C00683,30,Male,Kolwezi,1
C00684,57,Male,Goma,1
C00685,59,Female,Kinshasa,2
C00686,26,Male,Kinshasa,1
C00687,67,Male,Kananga,3
C00688,44,Male,Goma,1
C00689,19,Male,Matadi,3
C00690,22,Female,Kinshasa,4
C00691,46,Male,Kolwezi,3
C00692,54,Female,Kinshasa,3
C00693,55,Female,Mbuji-Mayi,4
C00694,36,Female,Kananga,1
C00695,25,Male,Lubumbashi,4
C00696,65,Male,Kisangani,3
C00697,62,Male,Kisangani,3
C00698,18,Male,Kinshasa,1
C00699,39,Female,Matadi,2
C00700,69,Female,Matadi,2
C00701,34,Male,Mbuji-Mayi,2
C00702,24,Male,Kinshasa,3
C00703,42,Male,Kinshasa,1
C00704,62,Male,Kisangani,1
C00705,21,Male,Bukavu,2
C00706,53,Male,Kinshasa,1
C00707,23,Male,Lubumbashi,1
C00708,48,Female,Kananga,1
C00709,36,Female,Kananga,1
C00710,61,Female,Lubumbashi,2
C00711,56,Female,Bukavu,1
C00712,44,Male,Matadi,4
C00713,27,Male,Kisangani,3
C00714,43,Male,Kananga,3
C00715,36,Male,Goma,1
C00716,56,Male,Kolwezi,2
C00717,20,Female,Kisangani,2
C00718,62,Male,Bukavu,4
C00719,30,Female,Goma,3
C00720,67,Male,Kinshasa,2
C00721,45,Female,Lubumbashi,3
C00722,37,Male,Kinshasa,1
C00723,45,Female,Mbuji-Mayi,1
C00724,25,Male,Likasi,2
C00725,58,Male,Lubumbashi,1
C00726,56,Male,Goma,1
C00727,18,Male,Kolwezi,3
C00728,20,Female,Likasi,1
C00729,30,Male,Mbuji-Mayi,2
C00730,45,Female,Matadi,4
C00731,66,Male,Mbuji-Mayi,1
C00732,42,Female,Likasi,1
C00733,50,Male,Kananga,1
C00734,55,Male,Kisangani,1
C00735,23,Female,Bukavu,1
C00736,61,Male,Kinshasa,1
C00737,62,Male,Matadi,2
C00738,49,Female,Bukavu,1
C00739,62,Male,Mbuji-Mayi,3
C00740,64,Female,Kolwezi,3
C00741,38,Male,Kinshasa,3
C00742,33,Female,Matadi,2
C00743,38,Female,Bukavu,1
C00744,28,Female,Kinshasa,3
C00745,54,Female,Kinshasa,1
C00746,53,Male,Matadi,1
C00747,52,Male,Goma,3
C00748,36,Female,Kisangani,1
C00749,37,Male,Goma,1
C00750,35,Male,Kinshasa,3
C00751,64,Male,Likasi,4
C00752,58,Female,Lubumbashi,1
C00753,66,Male,Likasi,1
C00754,31,Male,Matadi,2
C00755,32,Female,Kinshasa,3
C00756,48,Male,Kinshasa,1
C00757,18,Female,Kolwezi,2
C00758,20,Female,Kisangani,4
C00759,33,Female,Kolwezi,1
C00760,40,Male,Matadi,4
C00761,28,Male,Kananga,4
C00762,29,Female,Goma,1
C00763,27,Female,Kolwezi,3
C00764,49,Female,Matadi,1
C00765,33,Female,Goma,3
C00766,25,Female,Matadi,3
C00767,55,Female,Kananga,1
C00768,29,Male,Kisangani,3
C00769,41,Female,Kisangani,3
C00770,45,Female,Matadi,1
C00771,25,Female,Kolwezi,1
C00772,45,Male,Kisangani,1
C00773,53,Male,Lubumbashi,2
C00774,43,Male,Kolwezi,4
C00775,25,Male,Bukavu,3
C00776,67,Female,Mbuji-Mayi,2
C00777,45,Male,Matadi,2
C00778,45,Female,Matadi,1
C00779,54,Female,Matadi,1
C00780,58,Female,Kananga,2
C00781,53,Female,Matadi,2
C00782,44,Female,Kisangani,2
C00783,34,Female,Kisangani,4
C00784,26,Male,Mbuji-Mayi,2
C00785,50,Male,Mbuji-Mayi,2
C00786,37,Male,Likasi,1
C00787,30,Male,Kolwezi,4
C00788,45,Male,Kisangani,3
C00789,65,Female,Kisangani,3
C00790,46,Male,Kananga,2
C00791,30,Male,Kisangani,2
C00792,63,Male,Kisangani,2
C00793,52,Female,Likasi,1
C00794,23,Female,Lubumbashi,2
C00795,35,Female,Likasi,4
C00796,68,Male,Lubumbashi,1
C00797,22,Male,Likasi,1
C00798,64,Male,Kisangani,3
C00799,42,Male,Likasi,1
C00800,19,Male,Kisangani,2
C00801,27,Female,Kisangani,2
C00802,47,Male,Mbuji-Mayi,1
C00803,67,Female,Kinshasa,3
C00804,62,Male,Lubumbashi,2
C00805,22,Female,Bukavu,3
C00806,50,Female,Kolwezi,3
C00807,18,Female,Kolwezi,3
C00808,35,Female,Likasi,1
C00809,49,Male,Kinshasa,1
C00810,64,Male,Kananga,1
C00811,66,Male,Bukavu,2
C00812,28,Female,Kolwezi,3
C00813,38,Male,Goma,2
C00814,43,Male,Matadi,3
C00815,42,Male,Goma,1
C00816,39,Male,Kananga,1
C00817,44,Female,Bukavu,3
C00818,66,Female,Kolwezi,2
C00819,30,Male,Likasi,3
C00820,50,Male,Matadi,1
C00821,51,Male,Lubumbashi,4
C00822,58,Female,Kolwezi,2
C00823,52,Female,Kolwezi,3
C00824,18,Female,Kananga,1
C00825,38,Male,Kolwezi,2
C00826,65,Female,Bukavu,4
C00827,23,Female,Kinshasa,3
C00828,45,Female,Bukavu,1
C00829,34,Female,Lubumbashi,1
C00830,22,Female,Kinshasa,2
C00831,48,Male,Kolwezi,1
C00832,22,Male,Kolwezi,3
C00833,55,Male,Matadi,1
C00834,20,Male,Kolwezi,1
C00835,40,Female,Kisangani,2
C00836,54,Male,Lubumbashi,2
C00837,54,Male,Mbuji-Mayi,3
C00838,27,Male,Likasi,4
C00839,27,Female,Matadi,1
C00840,36,Male,Goma,3
C00841,34,Female,Kinshasa,1
C00842,38,Female,Mbuji-Mayi,2
C00843,31,Female,Likasi,1
C00844,26,Male,Kolwezi,1
C00845,63,Female,Bukavu,1
C00846,18,Male,Kisangani,1
C00847,68,Male,Kinshasa,3
C00848,62,Male,Kinshasa,3
C00849,30,Female,Kinshasa,4
C00850,21,Female,Lubumbashi,2
C00851,18,Male,Kinshasa,1
C00852,66,Female,Matadi,1
C00853,57,Female,Likasi,1
C00854,49,Female,Bukavu,1
C00855,51,Male,Matadi,2
C00856,45,Female,Matadi,2
C00857,48,Female,Kisangani,1
C00858,25,Male,Bukavu,1
C00859,56,Female,Kisangani,1
C00860,43,Male,Kinshasa,1
C00861,51,Female,Kinshasa,1
C00862,20,Female,Matadi,3
C00863,67,Female,Matadi,1
C00864,29,Female,Kinshasa,3
C00865,18,Female,Kananga,1
C00866,61,Female,Likasi,1
C00867,22,Male,Lubumbashi,3
C00868,47,Female,Mbuji-Mayi,2
C00869,47,Female,Kolwezi,1
C00870,34,Female,Goma,3
C00871,65,Male,Bukavu,1
C00872,64,Male,Kisangani,1
C00873,40,Male,Bukavu,3
C00874,32,Female,Kinshasa,3
C00875,54,Female,Mbuji-Mayi,1
C00876,38,Male,Goma,1
C00877,31,Male,Matadi,3
C00878,19,Male,Matadi,1
C00879,28,Female,Kisangani,1
C00880,68,Male,Likasi,2
C00881,56,Female,Kolwezi,4
C00882,55,Female,Likasi,1
C00883,51,Female,Mbuji-Mayi,3
C00884,55,Male,Likasi,2
C00885,67,Female,Kisangani,2
C00886,51,Male,Goma,3
C00887,35,Male,Goma,4
C00888,47,Male,Goma,1
C00889,32,Male,Matadi,1
C00890,44,Female,Kananga,4
C00891,68,Female,Mbuji-Mayi,2
C00892,51,Female,Kolwezi,2
C00893,69,Female,Mbuji-Mayi,2
C00894,55,Male,Mbuji-Mayi,3
C00895,50,Male,Likasi,3
C00896,41,Male,Lubumbashi,4
C00897,32,Male,Mbuji-Mayi,2
C00898,47,Female,Kisangani,1
C00899,59,Male,Lubumbashi,2
C00900,68,Female,Kananga,2
C00901,34,Male,Kisangani,2
C00902,22,Male,Mbuji-Mayi,2
C00903,46,Male,Bukavu,1
C00904,21,Male,Matadi,2
C00905,27,Female,Likasi,2
C00906,34,Female,Kinshasa,3
C00907,27,Female,Kolwezi,2
C00908,34,Female,Kolwezi,1
C00909,37,Male,Kisangani,2
C00910,41,Male,Kolwezi,3
C00911,22,Female,Lubumbashi,2
C00912,51,Female,Goma,2
C00913,23,Male,Bukavu,2
C00914,19,Male,Kinshasa,1
C00915,30,Female,Kolwezi,3
C00916,60,Female,Kolwezi,1
C00917,60,Female,Kisangani,2
C00918,65,Male,Mbuji-Mayi,1
C00919,28,Female,Matadi,1
C00920,68,Female,Likasi,2
C00921,64,Female,Likasi,2
C00922,40,Female,Likasi,3
C00923,33,Female,Likasi,3
C00924,48,Male,Kananga,3
C00925,28,Female,Kinshasa,2
C00926,33,Male,Mbuji-Mayi,2
C00927,25,Female,Matadi,2
C00928,21,Female,Matadi,2
C00929,57,Female,Kisangani,2
C00930,21,Male,Bukavu,4
C00931,42,Male,Kolwezi,1
C00932,20,Male,Kolwezi,4
C00933,49,Female,Mbuji-Mayi,1
C00934,20,Female,Kananga,1
C00935,44,Male,Lubumbashi,1
C00936,46,Male,Goma,2
C00937,49,Female,Mbuji-Mayi,1
C00938,67,Male,Lubumbashi,3
C00939,68,Female,Goma,3
C00940,36,Male,Matadi,2
C00941,38,Male,Kananga,2
C00942,22,Male,Mbuji-Mayi,4
C00943,35,Female,Likasi,3
C00944,45,Female,Matadi,2
C00945,59,Male,Lubumbashi,3
C00946,39,Female,Mbuji-Mayi,2
C00947,38,Female,Mbuji-Mayi,2
C00948,23,Female,Kisangani,1
C00949,18,Female,Kinshasa,2
C00950,22,Male,Matadi,1
C00951,58,Female,Mbuji-Mayi,1
C00952,29,Female,Kolwezi,2
C00953,43,Male,Kolwezi,4
C00954,63,Female,Kinshasa,4
C00955,51,Female,Mbuji-Mayi,2
C00956,66,Female,Likasi,2
C00957,31,Male,Kinshasa,1
C00958,43,Male,Kinshasa,2
C00959,62,Female,Lubumbashi,1
C00960,44,Female,Lubumbashi,1
C00961,26,Male,Bukavu,2
C00962,43,Male,Matadi,1
C00963,64,Male,Goma,1
C00964,39,Female,Kinshasa,3
C00965,64,Female,Lubumbashi,1
C00966,47,Male,Kananga,1
C00967,60,Female,Bukavu,1
C00968,65,Female,Mbuji-Mayi,1
C00969,34,Female,Matadi,1
C00970,43,Female,Mbuji-Mayi,3
C00971,53,Female,Bukavu,1
C00972,18,Female,Kisangani,3
C00973,25,Female,Kolwezi,1
C00974,66,Male,Matadi,2
C00975,52,Male,Kolwezi,2
C00976,69,Male,Kananga,2
C00977,32,Male,Mbuji-Mayi,2
C00978,64,Male,Kisangani,4
C00979,39,Male,Kananga,1
C00980,31,Male,Goma,2
C00981,43,Male,Mbuji-Mayi,3
C00982,45,Male,Bukavu,1
C00983,40,Female,Kisangani,1
C00984,31,Female,Matadi,1
C00985,41,Male,Kisangani,2
C00986,19,Female,Mbuji-Mayi,1
C00987,62,Female,Lubumbashi,1
C00988,43,Male,Kananga,2
C00989,31,Male,Kisangani,2
C00990,68,Male,Kolwezi,1
C00991,24,Female,Kananga,1
C00992,20,Female,Kolwezi,2
C00993,64,Male,Kisangani,4
C00994,40,Female,Lubumbashi,2
C00995,63,Female,Kananga,3
C00996,60,Female,Bukavu,1
C00997,64,Male,Kananga,1
C00998,62,Female,Matadi,2
C00999,35,Female,Kisangani,3
C01000,55,Female,Goma,2
C01001,52,Female,Mbuji-Mayi,3
C01002,68,Female,Kinshasa,4
C01003,32,Female,Likasi,1
C01004,42,Female,Goma,1
C01005,54,Male,Kolwezi,1
C01006,45,Male,Bukavu,1
C01007,27,Female,Bukavu,1
C01008,56,Male,Likasi,3
C01009,34,Female,Lubumbashi,1
C01010,56,Female,Matadi,1
C01011,39,Female,Mbuji-Mayi,1
C01012,43,Male,Goma,4
C01013,61,Female,Kinshasa,2
C01014,42,Female,Kananga,4
C01015,34,Male,Likasi,4
C01016,30,Male,Lubumbashi,2
C01017,37,Female,Bukavu,1
C01018,42,Male,Kinshasa,1
C01019,21,Male,Bukavu,1
C01020,27,Female,Kisangani,3
C01021,20,Female,Likasi,1
C01022,58,Female,Lubumbashi,1
C01023,62,Male,Kananga,2
C01024,35,Male,Kolwezi,2
C01025,64,Male,Lubumbashi,2
C01026,53,Female,Mbuji-Mayi,1
C01027,64,Male,Kananga,3
C01028,39,Male,Goma,2
C01029,51,Female,Lubumbashi,1
C01030,64,Female,Kananga,3
C01031,25,Female,Goma,4
C01032,57,Male,Lubumbashi,1
C01033,66,Female,Kinshasa,1
C01034,61,Male,Kolwezi,2
C01035,36,Male,Kinshasa,1
C01036,59,Female,Mbuji-Mayi,3
C01037,58,Female,Kananga,1
C01038,54,Female,Goma,3
C01039,23,Female,Kisangani,2
C01040,69,Female,Lubumbashi,2
C01041,43,Male,Kisangani,1
C01042,51,Male,Lubumbashi,1
C01043,62,Male,Mbuji-Mayi,1
C01044,23,Female,Kisangani,1
C01045,54,Male,Goma,1
C01046,50,Female,Matadi,3
C01047,39,Female,Kinshasa,1
C01048,38,Male,Goma,3
C01049,23,Male,Bukavu,2
C01050,23,Female,Likasi,3
C01051,65,Male,Mbuji-Mayi,4
C01052,21,Female,Kolwezi,1
C01053,47,Male,Lubumbashi,3
C01054,28,Male,Goma,2
C01055,47,Male,Kisangani,3
C01056,48,Male,Likasi,2
C01057,41,Male,Matadi,2
C01058,26,Female,Bukavu,1
C01059,20,Male,Kisangani,1
C01060,68,Male,Kinshasa,2
C01061,48,Male,Matadi,4
C01062,57,Female,Likasi,3
C01063,54,Female,Kananga,1
C01064,53,Female,Kananga,3
C01065,41,Female,Likasi,3
C01066,48,Female,Kananga,1
C01067,23,Male,Mbuji-Mayi,1
C01068,19,Male,Goma,1
C01069,37,Male,Lubumbashi,3
C01070,45,Female,Goma,3
C01071,28,Female,Bukavu,1
C01072,21,Male,Goma,1
C01073,32,Female,Goma,3
C01074,23,Female,Kinshasa,4
C01075,66,Female,Lubumbashi,3
C01076,47,Male,Goma,2
C01077,55,Male,Lubumbashi,1
C01078,68,Female,Kolwezi,2
C01079,19,Female,Kananga,1
C01080,32,Female,Kisangani,3
C01081,28,Female,Kinshasa,1
C01082,25,Male,Kananga,3
C01083,43,Female,Lubumbashi,1
C01084,68,Male,Kananga,3
C01085,62,Male,Goma,1
C01086,61,Male,Kisangani,2
C01087,22,Female,Goma,2
C01088,23,Male,Bukavu,1
C01089,43,Male,Goma,4
C01090,21,Female,Kisangani,2
C01091,36,Female,Matadi,2
C01092,37,Female,Kolwezi,3
C01093,50,Male,Lubumbashi,3
C01094,37,Female,Kolwezi,2
C01095,66,Male,Bukavu,4
C01096,29,Male,Kolwezi,1
C01097,64,Female,Kananga,1
C01098,18,Male,Likasi,2
C01099,43,Male,Kinshasa,1
C01100,31,Male,Kisangani,2
C01101,55,Male,Kinshasa,1
C01102,54,Female,Kisangani,2
C01103,28,Male,Lubumbashi,3
C01104,53,Female,Kolwezi,2
C01105,30,Male,Lubumbashi,4
C01106,60,Male,Goma,3
C01107,20,Female,Goma,1
C01108,50,Male,Kinshasa,1
C01109,23,Male,Mbuji-Mayi,1
C01110,67,Male,Mbuji-Mayi,3
C01111,27,Male,Likasi,1
C01112,22,Male,Mbuji-Mayi,1
C01113,40,Male,Bukavu,4
C01114,27,Female,Kananga,2
C01115,61,Female,Kananga,1
C01116,19,Female,Goma,1
C01117,30,Male,Mbuji-Mayi,3
C01118,57,Male,Likasi,3
C01119,19,Male,Kisangani,1
C01120,37,Female,Goma,2
C01121,18,Male,Lubumbashi,3
C01122,54,Female,Mbuji-Mayi,3
C01123,26,Male,Goma,3
C01124,34,Male,Mbuji-Mayi,2
C01125,26,Male,Bukavu,4
C01126,28,Female,Likasi,1
C01127,32,Male,Kinshasa,1
C01128,41,Female,Matadi,3
C01129,55,Male,Likasi,2
C01130,52,Male,Mbuji-Mayi,3
C01131,47,Female,Lubumbashi,1
C01132,48,Male,Lubumbashi,3
C01133,66,Male,Kinshasa,1
C01134,22,Male,Kolwezi,2
C01135,61,Male,Lubumbashi,1
C01136,67,Female,Goma,2
C01137,31,Female,Lubumbashi,3
C01138,28,Male,Matadi,1
C01139,26,Male,Kinshasa,1
C01140,51,Female,Goma,2
C01141,29,Male,Mbuji-Mayi,3
C01142,52,Female,Likasi,1
C01143,52,Male,Kinshasa,1
C01144,18,Female,Matadi,1
C01145,57,Female,Kananga,4
C01146,39,Female,Matadi,1
C01147,46,Female,Kisangani,1
C01148,25,Male,Kisangani,3
C01149,28,Male,Kananga,2
C01150,58,Female,Bukavu,1
C01151,54,Female,Lubumbashi,4
C01152,31,Female,Likasi,2
C01153,47,Female,Kolwezi,2
C01154,52,Male,Kolwezi,1
C01155,38,Female,Likasi,3
C01156,54,Female,Matadi,1
C01157,22,Female,Kananga,1
C01158,36,Female,Kananga,1
C01159,31,Female,Mbuji-Mayi,3
C01160,43,Female,Kinshasa,2
C01161,21,Female,Goma,2
C01162,42,Male,Kisangani,1
C01163,62,Female,Kolwezi,2
C01164,59,Female,Lubumbashi,3
C01165,42,Female,Goma,1
C01166,35,Male,Matadi,3
C01167,57,Male,Mbuji-Mayi,1
C01168,25,Male,Goma,3
C01169,56,Female,Mbuji-Mayi,1
C01170,57,Female,Kolwezi,2
C01171,31,Female,Kolwezi,4
C01172,49,Male,Lubumbashi,4
C01173,68,Female,Kananga,1
C01174,55,Male,Matadi,2
C01175,50,Male,Bukavu,1
C01176,40,Male,Likasi,3
C01177,32,Male,Lubumbashi,2
C01178,50,Male,Kolwezi,1
C01179,42,Female,Kinshasa,1
C01180,34,Female,Kananga,4
C01181,50,Male,Likasi,2
C01182,64,Female,Kinshasa,1
C01183,19,Female,Lubumbashi,1
C01184,31,Male,Goma,1
C01185,57,Male,Bukavu,2
C01186,57,Female,Mbuji-Mayi,4
C01187,68,Female,Likasi,3
C01188,56,Female,Likasi,2
C01189,68,Female,Lubumbashi,3
C01190,23,Male,Likasi,2
C01191,23,Female,Mbuji-Mayi,1
C01192,20,Male,Mbuji-Mayi,4
C01193,24,Male,Kinshasa,1
C01194,68,Female,Goma,1
C01195,25,Female,Mbuji-Mayi,4
C01196,59,Female,Bukavu,1
C01197,69,Male,Likasi,3
C01198,32,Male,Kinshasa,4
C01199,64,Male,Kolwezi,2
C01200,46,Male,Kinshasa,1
C01201,50,Female,Bukavu,1
C01202,69,Male,Kananga,1
C01203,47,Male,Kinshasa,2
C01204,56,Female,Kolwezi,3
C01205,44,Male,Mbuji-Mayi,2
C01206,53,Male,Kisangani,2
C01207,46,Female,Kisangani,2
C01208,55,Male,Kisangani,2
C01209,50,Male,Kananga,3
C01210,54,Male,Kolwezi,1
C01211,44,Male,Bukavu,3
C01212,50,Female,Lubumbashi,2
C01213,21,Male,Kisangani,1
C01214,39,Female,Lubumbashi,1
C01215,19,Male,Kananga,1
C01216,27,Female,Lubumbashi,2
C01217,22,Female,Likasi,1
C01218,27,Female,Kananga,4
C01219,50,Male,Lubumbashi,2
C01220,55,Male,Kinshasa,4
C01221,30,Male,Kisangani,1
C01222,48,Female,Goma,1
C01223,64,Male,Matadi,1
C01224,53,Male,Kananga,1
C01225,62,Male,Mbuji-Mayi,3
C01226,41,Male,Matadi,1
C01227,69,Female,Bukavu,2
C01228,32,Female,Kananga,1
C01229,46,Male,Kananga,2
C01230,25,Male,Lubumbashi,3
C01231,22,Male,Kananga,2
C01232,46,Female,Kisangani,3
C01233,64,Male,Kolwezi,1
C01234,21,Female,Kolwezi,4
C01235,29,Female,Bukavu,3
C01236,62,Male,Likasi,2
C01237,19,Male,Goma,2
C01238,44,Male,Likasi,4
C01239,48,Female,Kisangani,2
C01240,68,Female,Kisangani,3
C01241,68,Male,Kinshasa,2
C01242,53,Female,Kolwezi,1
C01243,53,Male,Matadi,3
C01244,43,Male,Mbuji-Mayi,2
C01245,60,Female,Kananga,2
C01246,44,Female,Goma,2
C01247,22,Female,Mbuji-Mayi,1
C01248,37,Female,Likasi,3
C01249,28,Male,Mbuji-Mayi,4
C01250,27,Male,Kinshasa,3
C01251,57,Male,Goma,1
C01252,55,Female,Goma,2
C01253,23,Male,Kinshasa,3
C01254,25,Female,Kisangani,2
C01255,40,Female,Kinshasa,2
C01256,64,Female,Kisangani,4
C01257,43,Male,Matadi,2
C01258,63,Female,Bukavu,2
C01259,60,Female,Kisangani,1
C01260,29,Female,Mbuji-Mayi,1
C01261,43,Female,Kisangani,1
C01262,30,Female,Bukavu,4
C01263,57,Female,Likasi,2
C01264,35,Female,Kananga,2
C01265,42,Female,Kinshasa,3
C01266,50,Female,Kananga,2
C01267,64,Female,Kinshasa,2
C01268,57,Female,Matadi,1
C01269,60,Female,Kolwezi,3
C01270,29,Male,Mbuji-Mayi,1
C01271,61,Male,Mbuji-Mayi,1
C01272,53,Female,Likasi,1
C01273,65,Female,Kolwezi,1
C01274,21,Female,Kolwezi,1
C01275,22,Male,Kinshasa,2
C01276,54,Male,Mbuji-Mayi,1
C01277,25,Male,Mbuji-Mayi,2
C01278,59,Female,Kolwezi,1
C01279,66,Female,Kinshasa,1
C01280,45,Female,Kisangani,2
C01281,48,Female,Kisangani,4
C01282,26,Male,Bukavu,3
C01283,68,Female,Lubumbashi,4
C01284,46,Male,Goma,2
C01285,31,Male,Matadi,2
C01286,57,Female,Kinshasa,2
C01287,58,Male,Kisangani,2
C01288,39,Male,Likasi,1
C01289,28,Male,Goma,2
C01290,40,Male,Goma,1
C01291,18,Female,Goma,2
C01292,63,Female,Kolwezi,2
C01293,54,Male,Bukavu,1
C01294,38,Female,Likasi,1
C01295,43,Male,Lubumbashi,1
C01296,63,Female,Likasi,4
C01297,53,Female,Likasi,1
C01298,40,Female,Kinshasa,1
C01299,18,Female,Bukavu,3
C01300,68,Female,Kananga,2
C01301,57,Male,Bukavu,1
C01302,32,Female,Kananga,1
C01303,38,Male,Lubumbashi,1
C01304,64,Male,Kinshasa,1
C01305,26,Female,Kolwezi,1
C01306,26,Male,Goma,2
C01307,27,Female,Kinshasa,3
C01308,69,Male,Kolwezi,2
C01309,43,Male,Kinshasa,2
C01310,58,Female,Kolwezi,1
C01311,52,Female,Kinshasa,1
C01312,69,Female,Bukavu,3
C01313,42,Female,Bukavu,1
C01314,43,Male,Bukavu,3
C01315,28,Female,Goma,2
C01316,55,Male,Matadi,3
C01317,19,Male,Mbuji-Mayi,1
C01318,24,Male,Kananga,1
C01319,35,Male,Bukavu,3
C01320,44,Male,Matadi,3
C01321,51,Male,Kananga,1
C01322,44,Female,Kinshasa,4
C01323,34,Male,Lubumbashi,1
C01324,60,Male,Kolwezi,1
C01325,61,Male,Matadi,2
C01326,68,Female,Likasi,3
C01327,41,Female,Kisangani,4
C01328,42,Male,Matadi,2
C01329,24,Female,Bukavu,1
C01330,69,Male,Bukavu,2
C01331,23,Female,Matadi,1
C01332,41,Male,Kolwezi,2
C01333,50,Female,Kananga,2
C01334,66,Female,Kinshasa,1
C01335,46,Female,Kisangani,2
C01336,60,Male,Kinshasa,2
C01337,39,Male,Goma,3
C01338,43,Male,Kolwezi,2
C01339,45,Female,Bukavu,1
C01340,67,Female,Goma,1
C01341,38,Male,Kinshasa,1
C01342,66,Female,Kinshasa,1
C01343,24,Male,Kisangani,2
C01344,34,Male,Mbuji-Mayi,4
C01345,37,Male,Kinshasa,2
C01346,58,Male,Kananga,2
C01347,66,Female,Kananga,2
C01348,37,Female,Matadi,1
C01349,39,Female,Kisangani,4
C01350,45,Male,Kisangani,4
C01351,57,Female,Bukavu,2
C01352,66,Male,Kinshasa,1
C01353,24,Male,Mbuji-Mayi,3
C01354,18,Male,Likasi,1
C01355,49,Male,Goma,3
C01356,30,Male,Kisangani,3
C01357,47,Male,Matadi,1
C01358,40,Female,Matadi,4
C01359,68,Female,Kinshasa,4
C01360,36,Female,Kinshasa,4
C01361,49,Female,Likasi,2
C01362,47,Male,Lubumbashi,1
C01363,46,Male,Lubumbashi,2
C01364,66,Female,Kinshasa,2
C01365,62,Female,Kolwezi,1
C01366,46,Female,Kananga,2
C01367,47,Female,Kananga,2
C01368,33,Female,Likasi,1
C01369,57,Female,Likasi,1
C01370,36,Female,Bukavu,1
C01371,35,Female,Mbuji-Mayi,3
C01372,18,Male,Matadi,2
C01373,31,Male,Kananga,1
C01374,68,Male,Kolwezi,4
C01375,64,Male,Kinshasa,1
C01376,67,Female,Kisangani,2
C01377,19,Male,Kolwezi,3
C01378,45,Female,Bukavu,3
C01379,66,Male,Kolwezi,1
C01380,67,Female,Kisangani,4
C01381,47,Female,Goma,4
C01382,55,Male,Lubumbashi,2
C01383,68,Male,Goma,2
C01384,21,Female,Matadi,1
C01385,18,Female,Matadi,2
C01386,25,Female,Kananga,2
C01387,46,Male,Kisangani,3
C01388,56,Male,Matadi,2
C01389,20,Female,Likasi,2
C01390,49,Male,Kananga,1
C01391,27,Female,Bukavu,1
C01392,27,Male,Kananga,1
C01393,36,Male,Goma,1
C01394,63,Male,Kinshasa,2
C01395,51,Male,Likasi,3
C01396,50,Male,Likasi,2
C01397,40,Female,Mbuji-Mayi,2
C01398,45,Female,Likasi,2
C01399,49,Male,Likasi,1
C01400,67,Female,Goma,1
C01401,24,Female,Kolwezi,1
C01402,46,Male,Likasi,3
C01403,25,Female,Kinshasa,1
C01404,18,Male,Lubumbashi,1
C01405,20,Female,Goma,2
C01406,41,Female,Goma,4
C01407,40,Female,Kolwezi,2
C01408,25,Female,Mbuji-Mayi,3
C01409,64,Female,Kolwezi,2
C01410,54,Female,Kananga,2
C01411,20,Female,Lubumbashi,3
C01412,68,Male,Matadi,3
C01413,50,Male,Bukavu,1
C01414,45,Male,Matadi,1
C01415,64,Male,Mbuji-Mayi,1
C01416,25,Female,Mbuji-Mayi,2
C01417,51,Female,Likasi,3
C01418,52,Female,Kolwezi,1
C01419,49,Male,Kananga,1
C01420,41,Male,Likasi,3
C01421,31,Male,Kisangani,2
C01422,49,Female,Kananga,2
C01423,63,Male,Mbuji-Mayi,3
C01424,60,Female,Mbuji-Mayi,2
C01425,33,Male,Goma,2
C01426,21,Female,Kisangani,1
C01427,69,Male,Likasi,1
C01428,54,Female,Mbuji-Mayi,2
C01429,38,Male,Kisangani,2
C01430,31,Male,Lubumbashi,4
C01431,48,Female,Bukavu,4
C01432,65,Female,Kolwezi,3
C01433,35,Male,Mbuji-Mayi,1
C01434,24,Female,Lubumbashi,4
C01435,27,Male,Kananga,2
C01436,24,Female,Kolwezi,1
C01437,50,Male,Kisangani,3
C01438,40,Female,Kolwezi,1
C01439,38,Male,Matadi,1
C01440,36,Male,Goma,3
C01441,65,Male,Kisangani,2
C01442,36,Female,Lubumbashi,1
C01443,53,Male,Mbuji-Mayi,2
C01444,46,Female,Kisangani,4
C01445,35,Female,Kinshasa,2
C01446,19,Female,Matadi,1
C01447,18,Male,Lubumbashi,1
C01448,64,Female,Kananga,1
C01449,22,Female,Kinshasa,4
C01450,37,Female,Kisangani,2
C01451,28,Male,Goma,2
C01452,59,Female,Kinshasa,2
C01453,19,Female,Kolwezi,3
C01454,20,Female,Kisangani,2
C01455,40,Female,Lubumbashi,2
C01456,29,Male,Kisangani,1
C01457,37,Male,Goma,1
C01458,22,Female,Bukavu,4
C01459,54,Female,Kolwezi,4
C01460,55,Female,Mbuji-Mayi,4
C01461,47,Female,Kisangani,4
C01462,26,Male,Goma,3
C01463,51,Male,Kinshasa,2
C01464,61,Male,Kinshasa,3
C01465,52,Male,Lubumbashi,2
C01466,69,Female,Kolwezi,1
C01467,39,Female,Kinshasa,1
C01468,61,Male,Mbuji-Mayi,4
C01469,41,Male,Bukavu,1
C01470,34,Female,Bukavu,3
C01471,27,Female,Lubumbashi,1
C01472,47,Female,Kisangani,1
C01473,63,Female,Kinshasa,1
C01474,40,Female,Goma,1
C01475,49,Male,Kananga,1
C01476,34,Male,Bukavu,1
C01477,67,Female,Likasi,3
C01478,68,Female,Lubumbashi,1
C01479,34,Male,Kisangani,1
C01480,31,Female,Matadi,1
C01481,26,Male,Lubumbashi,2
C01482,57,Male,Goma,2
C01483,19,Male,Kananga,2
C01484,62,Male,Likasi,1
C01485,42,Female,Bukavu,1
C01486,56,Female,Kolwezi,3
C01487,26,Male,Likasi,3
C01488,39,Female,Bukavu,1
C01489,60,Female,Matadi,2
C01490,63,Female,Matadi,1
C01491,21,Female,Bukavu,1
C01492,43,Male,Kolwezi,3
C01493,46,Female,Lubumbashi,2
C01494,62,Male,Kolwezi,1
C01495,51,Male,Kinshasa,1
C01496,40,Female,Bukavu,4
C01497,54,Male,Bukavu,3
C01498,28,Female,Kolwezi,3
C01499,23,Female,Mbuji-Mayi,2
C01500,35,Male,Mbuji-Mayi,2
C01501,38,Female,Goma,1
C01502,59,Male,Mbuji-Mayi,1
C01503,53,Male,Matadi,2
C01504,58,Female,Kinshasa,2
C01505,55,Female,Bukavu,1
C01506,51,Female,Likasi,3
C01507,34,Male,Matadi,1
C01508,54,Female,Goma,1
C01509,42,Male,Kananga,1
C01510,55,Male,Kinshasa,2
C01511,29,Female,Mbuji-Mayi,1
C01512,40,Female,Kisangani,1
C01513,59,Female,Lubumbashi,2
C01514,39,Male,Likasi,2
C01515,38,Female,Bukavu,2
C01516,44,Male,Kananga,1
C01517,48,Female,Lubumbashi,2
C01518,23,Female,Kolwezi,2
C01519,44,Male,Kolwezi,1
C01520,57,Male,Kinshasa,3
C01521,51,Female,Kinshasa,2
C01522,29,Female,Kinshasa,1
C01523,62,Female,Matadi,4
C01524,24,Female,Matadi,3
C01525,27,Female,Kolwezi,4
C01526,62,Male,Kinshasa,2
C01527,34,Male,Likasi,1
C01528,43,Male,Goma,1
C01529,38,Male,Kinshasa,2
C01530,45,Female,Bukavu,4
C01531,63,Male,Likasi,2
C01532,19,Male,Bukavu,3
C01533,60,Male,Kisangani,1
C01534,18,Female,Kolwezi,2
C01535,68,Male,Kinshasa,4
C01536,53,Female,Mbuji-Mayi,3
C01537,68,Male,Lubumbashi,4
C01538,43,Female,Kinshasa,3
C01539,46,Male,Goma,2
C01540,38,Female,Kisangani,2
C01541,28,Male,Kinshasa,4
C01542,57,Female,Lubumbashi,2
C01543,28,Female,Lubumbashi,1
C01544,53,Male,Matadi,2
C01545,66,Female,Goma,2
C01546,56,Female,Goma,1
C01547,57,Male,Likasi,3
C01548,52,Male,Mbuji-Mayi,1
C01549,51,Female,Goma,2
C01550,64,Male,Kisangani,3
C01551,41,Male,Mbuji-Mayi,2
C01552,39,Male,Matadi,3
C01553,22,Female,Goma,1
C01554,50,Female,Matadi,4
C01555,53,Female,Lubumbashi,1
C01556,64,Female,Kinshasa,1
C01557,37,Female,Goma,3
C01558,36,Female,Lubumbashi,3
C01559,52,Female,Kinshasa,1
C01560,69,Male,Kinshasa,4
C01561,60,Female,Lubumbashi,2
C01562,34,Female,Bukavu,4
C01563,62,Male,Mbuji-Mayi,2
C01564,60,Male,Bukavu,2
C01565,51,Male,Kolwezi,2
C01566,26,Female,Kananga,1
C01567,43,Male,Kinshasa,2
C01568,19,Female,Likasi,2
C01569,26,Female,Mbuji-Mayi,1
C01570,26,Female,Kinshasa,1
C01571,57,Male,Kisangani,1
C01572,34,Male,Likasi,3
C01573,18,Female,Kolwezi,2
C01574,42,Female,Kolwezi,3
C01575,60,Female,Kisangani,4
C01576,57,Male,Lubumbashi,2
C01577,59,Female,Mbuji-Mayi,4
C01578,42,Male,Matadi,1
C01579,56,Female,Mbuji-Mayi,1
C01580,52,Male,Likasi,2
C01581,20,Female,Bukavu,2
C01582,67,Male,Matadi,3
C01583,54,Male,Kolwezi,2
C01584,61,Male,Kolwezi,1
C01585,61,Male,Lubumbashi,3
C01586,68,Male,Kananga,2
C01587,47,Male,Mbuji-Mayi,1
C01588,55,Female,Lubumbashi,2
C01589,51,Female,Likasi,4
C01590,29,Female,Matadi,3
C01591,36,Female,Kisangani,2
C01592,54,Male,Kinshasa,1
C01593,61,Female,Bukavu,1
C01594,66,Male,Likasi,2
C01595,34,Male,Kinshasa,3
C01596,27,Male,Mbuji-Mayi,1
C01597,66,Female,Kisangani,1
C01598,64,Male,Kolwezi,4
C01599,29,Female,Lubumbashi,3
C01600,33,Female,Matadi,2
C01601,41,Female,Lubumbashi,1
C01602,36,Female,Matadi,1
C01603,25,Female,Kananga,1
C01604,48,Male,Kananga,2
C01605,38,Male,Lubumbashi,1
C01606,34,Female,Matadi,3
C01607,40,Male,Matadi,4
C01608,54,Female,Kinshasa,1
C01609,33,Male,Lubumbashi,2
C01610,23,Male,Goma,3
C01611,25,Male,Mbuji-Mayi,4
C01612,42,Male,Kolwezi,3
C01613,35,Male,Kananga,1
C01614,42,Male,Goma,1
C01615,29,Male,Kananga,3
C01616,32,Male,Kisangani,2
C01617,43,Male,Kananga,1
C01618,58,Male,Likasi,2
C01619,62,Male,Kananga,3
C01620,43,Male,Kinshasa,1
C01621,64,Male,Goma,3
C01622,49,Female,Kisangani,1
C01623,27,Male,Matadi,3
C01624,33,Male,Matadi,2
C01625,24,Male,Kisangani,1
C01626,34,Male,Bukavu,3
C01627,40,Male,Lubumbashi,3
C01628,43,Male,Bukavu,4
C01629,38,Female,Goma,1
C01630,39,Female,Kananga,2
C01631,24,Female,Matadi,2
C01632,31,Male,Kinshasa,2
C01633,32,Male,Bukavu,3
C01634,24,Male,Kananga,1
C01635,26,Female,Kolwezi,1
C01636,68,Male,Lubumbashi,2
C01637,65,Male,Kisangani,1
C01638,25,Female,Kananga,4
C01639,67,Female,Lubumbashi,2
C01640,40,Male,Lubumbashi,2
C01641,46,Male,Matadi,3
C01642,35,Male,Matadi,2
C01643,48,Male,Goma,2
C01644,47,Female,Kolwezi,1
C01645,69,Male,Kisangani,1
C01646,56,Male,Lubumbashi,1
C01647,52,Female,Goma,2
C01648,35,Male,Likasi,2
C01649,59,Male,Bukavu,1
C01650,56,Female,Mbuji-Mayi,2
C01651,34,Female,Lubumbashi,1
C01652,31,Male,Goma,4
C01653,48,Female,Kolwezi,1
C01654,41,Female,Matadi,3
C01655,52,Male,Lubumbashi,2
C01656,61,Female,Lubumbashi,2
C01657,62,Male,Kananga,1
C01658,51,Male,Kolwezi,4
C01659,20,Male,Kisangani,1
C01660,54,Male,Matadi,2
C01661,60,Female,Lubumbashi,4
C01662,57,Male,Bukavu,3
C01663,43,Male,Matadi,2
C01664,40,Male,Bukavu,4
C01665,61,Male,Mbuji-Mayi,3
C01666,56,Female,Kisangani,1
C01667,32,Female,Mbuji-Mayi,2
C01668,66,Female,Lubumbashi,1
C01669,21,Male,Kananga,1
C01670,46,Female,Kisangani,3
C01671,39,Female,Kananga,2
C01672,42,Male,Goma,1
C01673,30,Female,Likasi,3
C01674,35,Male,Kolwezi,1
C01675,50,Female,Goma,4
C01676,33,Female,Mbuji-Mayi,4
C01677,62,Female,Bukavu,4
C01678,59,Female,Mbuji-Mayi,3
C01679,61,Male,Kisangani,1
C01680,19,Male,Kisangani,2
C01681,52,Female,Mbuji-Mayi,1
C01682,59,Male,Lubumbashi,1
C01683,51,Female,Mbuji-Mayi,2
C01684,47,Female,Kisangani,1
C01685,30,Female,Kisangani,4
C01686,30,Female,Matadi,4
C01687,35,Female,Kinshasa,1
C01688,49,Female,Kananga,2
C01689,49,Male,Goma,2
C01690,52,Male,Mbuji-Mayi,3
C01691,56,Female,Matadi,2
C01692,63,Male,Lubumbashi,1
C01693,69,Female,Kisangani,2
C01694,46,Male,Mbuji-Mayi,2
C01695,66,Male,Kisangani,4
C01696,46,Male,Bukavu,1
C01697,61,Female,Matadi,1
C01698,33,Male,Mbuji-Mayi,3
C01699,61,Female,Bukavu,3
C01700,64,Female,Likasi,3
C01701,27,Female,Matadi,2
C01702,47,Male,Mbuji-Mayi,2
C01703,42,Male,Mbuji-Mayi,2
C01704,56,Male,Kolwezi,1
C01705,37,Female,Matadi,2
C01706,22,Female,Matadi,1
C01707,18,Male,Kisangani,1
C01708,47,Female,Mbuji-Mayi,4
C01709,66,Male,Kananga,1
C01710,20,Male,Kananga,4
C01711,62,Male,Kananga,1
C01712,31,Male,Likasi,1
C01713,47,Female,Mbuji-Mayi,2
C01714,67,Male,Mbuji-Mayi,3
C01715,21,Male,Bukavu,2
C01716,35,Male,Kolwezi,3
C01717,54,Male,Matadi,1
C01718,42,Male,Kisangani,4
C01719,65,Male,Kolwezi,1
C01720,18,Male,Bukavu,3
C01721,63,Female,Mbuji-Mayi,2
C01722,32,Female,Goma,3
C01723,26,Female,Matadi,2
C01724,32,Female,Likasi,1
C01725,66,Male,Kananga,4
C01726,41,Female,Likasi,1
C01727,21,Female,Mbuji-Mayi,1
C01728,29,Female,Bukavu,3
C01729,54,Male,Goma,1
C01730,54,Female,Lubumbashi,1
C01731,60,Female,Kananga,2
C01732,23,Male,Kisangani,3
C01733,56,Female,Mbuji-Mayi,1
C01734,63,Male,Kinshasa,2
C01735,41,Female,Goma,3
C01736,28,Male,Goma,3
C01737,30,Female,Matadi,4
C01738,51,Female,Likasi,3
C01739,42,Female,Kananga,2
C01740,24,Male,Mbuji-Mayi,2
C01741,69,Female,Kinshasa,1
C01742,21,Male,Kananga,3
C01743,25,Male,Bukavu,4
C01744,37,Male,Kinshasa,3
C01745,46,Male,Kolwezi,1
C01746,68,Female,Kolwezi,2
C01747,62,Female,Goma,2
C01748,63,Female,Bukavu,2
C01749,27,Male,Kolwezi,3
C01750,60,Female,Goma,2
C01751,51,Male,Likasi,1
C01752,43,Male,Mbuji-Mayi,4
C01753,58,Male,Goma,2
C01754,66,Female,Mbuji-Mayi,1
C01755,20,Female,Bukavu,1
C01756,23,Male,Matadi,4
C01757,22,Female,Kananga,3
C01758,22,Female,Goma,2
C01759,64,Male,Goma,1
C01760,40,Male,Mbuji-Mayi,1
C01761,66,Female,Kolwezi,1
C01762,26,Male,Kolwezi,2
C01763,52,Male,Goma,2
C01764,37,Female,Kolwezi,2
C01765,66,Female,Kolwezi,3
C01766,59,Male,Goma,1
C01767,52,Female,Likasi,1
C01768,67,Male,Likasi,1
C01769,35,Male,Lubumbashi,1
C01770,34,Female,Likasi,1
C01771,41,Male,Lubumbashi,2
C01772,20,Male,Bukavu,3
C01773,49,Male,Kisangani,3
C01774,52,Female,Kananga,3
C01775,55,Female,Kisangani,2
C01776,30,Female,Kolwezi,3
C01777,64,Male,Kinshasa,1
C01778,42,Male,Kolwezi,4
C01779,26,Female,Goma,1
C01780,21,Female,Goma,1
C01781,31,Female,Kananga,1
C01782,54,Male,Matadi,4
C01783,51,Female,Matadi,4
C01784,28,Male,Matadi,3
C01785,58,Female,Likasi,2
C01786,20,Male,Bukavu,2
C01787,45,Male,Kolwezi,4
C01788,46,Female,Goma,2
C01789,26,Male,Kinshasa,4
C01790,20,Female,Kinshasa,1
C01791,42,Male,Kinshasa,1
C01792,51,Male,Matadi,3
C01793,29,Female,Kananga,1
C01794,59,Male,Matadi,4
C01795,26,Female,Goma,2
C01796,32,Female,Kolwezi,4
C01797,57,Female,Kolwezi,1
C01798,42,Male,Kananga,3
C01799,22,Male,Bukavu,2
C01800,28,Male,Likasi,2
C01801,51,Female,Kinshasa,2
C01802,41,Female,Kolwezi,4
C01803,32,Male,Kananga,2
C01804,55,Male,Kinshasa,1
C01805,25,Female,Matadi,4
C01806,22,Male,Mbuji-Mayi,1
C01807,65,Female,Kisangani,1
C01808,43,Male,Kolwezi,1
C01809,35,Female,Bukavu,3
C01810,23,Male,Kananga,1
C01811,54,Male,Likasi,1
C01812,65,Female,Bukavu,4
C01813,30,Female,Matadi,3
C01814,45,Female,Kolwezi,1
C01815,22,Male,Goma,3
C01816,30,Female,Matadi,4
C01817,34,Female,Likasi,1
C01818,67,Male,Matadi,3
C01819,57,Female,Kananga,2
C01820,62,Female,Bukavu,2
C01821,49,Female,Kananga,2
C01822,46,Male,Kinshasa,2
C01823,68,Male,Mbuji-Mayi,1
C01824,20,Male,Bukavu,3
C01825,57,Female,Mbuji-Mayi,1
C01826,51,Male,Kananga,2
C01827,57,Female,Goma,1
C01828,44,Female,Kolwezi,3
C01829,30,Female,Likasi,1
C01830,62,Male,Matadi,2
C01831,50,Male,Matadi,2
C01832,23,Female,Mbuji-Mayi,3
C01833,41,Female,Likasi,2
C01834,36,Male,Bukavu,3
C01835,33,Male,Kolwezi,1
C01836,57,Male,Kisangani,1
C01837,45,Female,Mbuji-Mayi,2
C01838,50,Male,Bukavu,4
C01839,65,Male,Bukavu,1
C01840,58,Male,Likasi,1
C01841,30,Female,Likasi,1
C01842,60,Male,Lubumbashi,2
C01843,62,Female,Matadi,1
C01844,42,Female,Kolwezi,3
C01845,59,Female,Kinshasa,1
C01846,53,Male,Mbuji-Mayi,1
C01847,44,Male,Kolwezi,1
C01848,55,Male,Lubumbashi,2
C01849,24,Female,Lubumbashi,2
C01850,22,Male,Kolwezi,1
C01851,60,Female,Likasi,4
C01852,62,Male,Bukavu,1
C01853,68,Male,Kisangani,3
C01854,48,Male,Kolwezi,2
C01855,40,Male,Mbuji-Mayi,1
C01856,59,Female,Kinshasa,3
C01857,27,Female,Matadi,3
C01858,49,Female,Lubumbashi,1
C01859,60,Female,Goma,2
C01860,47,Male,Goma,1
C01861,56,Female,Bukavu,2
C01862,48,Female,Likasi,1
C01863,35,Female,Matadi,3
C01864,53,Male,Lubumbashi,1
C01865,19,Female,Goma,1
C01866,31,Female,Goma,1
C01867,30,Male,Kisangani,1
C01868,46,Male,Kolwezi,2
C01869,29,Female,Kananga,1
C01870,56,Female,Matadi,3
C01871,19,Male,Kananga,1
C01872,49,Female,Kinshasa,3
C01873,30,Male,Likasi,2
C01874,63,Female,Kolwezi,4
C01875,44,Female,Kinshasa,4
C01876,66,Female,Mbuji-Mayi,3
C01877,58,Female,Lubumbashi,3
C01878,34,Female,Kananga,1
C01879,57,Male,Bukavu,3
C01880,48,Male,Mbuji-Mayi,4
C01881,51,Female,Matadi,1
C01882,41,Female,Lubumbashi,2
C01883,62,Female,Goma,1
C01884,52,Male,Kananga,2
C01885,65,Male,Kolwezi,2
C01886,23,Male,Kolwezi,2
C01887,36,Male,Mbuji-Mayi,2
C01888,47,Male,Mbuji-Mayi,4
C01889,24,Male,Likasi,2
C01890,27,Male,Goma,3
C01891,58,Male,Kisangani,1
C01892,49,Female,Kananga,2
C01893,51,Male,Kinshasa,2
C01894,45,Male,Matadi,1
C01895,32,Male,Kananga,1
C01896,47,Male,Kananga,2
C01897,54,Female,Goma,2
C01898,46,Male,Kananga,2
C01899,39,Female,Likasi,1
C01900,21,Female,Kananga,1
C01901,37,Female,Bukavu,2
C01902,49,Male,Bukavu,1
C01903,53,Male,Lubumbashi,1
C01904,67,Male,Matadi,1
C01905,21,Female,Bukavu,1
C01906,44,Female,Matadi,1
C01907,34,Female,Kolwezi,1
C01908,29,Female,Likasi,1
C01909,39,Male,Goma,2
C01910,34,Male,Goma,1
C01911,27,Male,Bukavu,2
C01912,18,Female,Likasi,4
C01913,39,Female,Kolwezi,3
C01914,43,Male,Kinshasa,1
C01915,35,Male,Likasi,4
C01916,67,Female,Lubumbashi,1
C01917,31,Male,Goma,1
C01918,64,Male,Lubumbashi,4
C01919,46,Female,Goma,3
C01920,29,Female,Kolwezi,2
C01921,53,Female,Kananga,2
C01922,52,Male,Kisangani,2
C01923,69,Female,Likasi,1
C01924,29,Male,Likasi,1
C01925,24,Male,Kananga,2
C01926,46,Female,Kinshasa,4
C01927,28,Male,Goma,1
C01928,50,Female,Kinshasa,3
C01929,23,Female,Likasi,1
C01930,64,Male,Bukavu,2
C01931,32,Male,Bukavu,2
C01932,49,Female,Mbuji-Mayi,2
C01933,68,Female,Matadi,1
C01934,28,Female,Bukavu,2
C01935,40,Female,Bukavu,2
C01936,43,Female,Goma,1
C01937,51,Female,Mbuji-Mayi,1
C01938,63,Male,Goma,2
C01939,51,Male,Likasi,2
C01940,46,Male,Lubumbashi,1
C01941,21,Male,Kinshasa,2
C01942,34,Female,Likasi,4
C01943,52,Male,Lubumbashi,1
C01944,30,Male,Kolwezi,2
C01945,58,Female,Kolwezi,1
C01946,56,Male,Goma,1
C01947,32,Female,Kisangani,1
C01948,46,Female,Kisangani,2
C01949,46,Female,Lubumbashi,3
C01950,28,Female,Bukavu,1
C01951,69,Female,Goma,2
C01952,49,Male,Lubumbashi,2
C01953,19,Male,Goma,1
C01954,64,Male,Lubumbashi,2
C01955,31,Female,Kolwezi,3
C01956,37,Male,Mbuji-Mayi,3
C01957,39,Male,Goma,3
C01958,28,Male,Mbuji-Mayi,1
C01959,44,Male,Kolwezi,3
C01960,20,Female,Kisangani,1
C01961,34,Male,Kananga,3
C01962,61,Female,Kinshasa,4
C01963,45,Female,Likasi,1
C01964,46,Male,Kinshasa,2
C01965,38,Female,Kinshasa,2
C01966,64,Female,Likasi,3
C01967,33,Female,Kolwezi,1
C01968,54,Female,Kolwezi,4
C01969,37,Female,Kisangani,2
C01970,23,Female,Kananga,1
C01971,36,Female,Matadi,1
C01972,22,Male,Kinshasa,3
C01973,20,Male,Bukavu,1
C01974,18,Female,Kinshasa,1
C01975,55,Female,Matadi,2
C01976,32,Male,Goma,2
C01977,51,Male,Kisangani,2
C01978,52,Male,Mbuji-Mayi,1
C01979,66,Male,Mbuji-Mayi,3
C01980,42,Female,Matadi,4
C01981,41,Female,Kinshasa,1
C01982,29,Male,Mbuji-Mayi,3
C01983,35,Male,Matadi,4
C01984,32,Male,Likasi,2
C01985,61,Male,Kolwezi,2
C01986,33,Female,Lubumbashi,1
C01987,44,Male,Kolwezi,2
C01988,25,Male,Kinshasa,2
C01989,63,Male,Matadi,3
C01990,42,Female,Goma,4
C01991,34,Female,Mbuji-Mayi,1
C01992,46,Female,Mbuji-Mayi,1
C01993,25,Male,Mbuji-Mayi,1
C01994,32,Male,Matadi,3
C01995,44,Male,Kolwezi,1
C01996,63,Female,Goma,2
C01997,67,Female,Matadi,1
C01998,69,Male,Kinshasa,2
C01999,24,Male,Kisangani,1
C02000,20,Female,Kinshasa,3
C02001,46,Male,Lubumbashi,2
C02002,61,Male,Kisangani,4
C02003,41,Male,Kinshasa,2
C02004,20,Female,Goma,1
C02005,37,Male,Kananga,1
C02006,63,Male,Kananga,4
C02007,32,Male,Kananga,3
C02008,42,Male,Lubumbashi,1
C02009,47,Female,Lubumbashi,3
C02010,31,Female,Kananga,2
C02011,24,Female,Likasi,1
C02012,34,Male,Mbuji-Mayi,1
C02013,61,Female,Kisangani,3
C02014,37,Male,Kisangani,1
C02015,53,Female,Mbuji-Mayi,1
C02016,26,Male,Kolwezi,1
C02017,55,Female,Likasi,1
C02018,65,Female,Kananga,2
C02019,39,Female,Mbuji-Mayi,1
C02020,19,Male,Matadi,1
C02021,41,Male,Kisangani,4
C02022,25,Male,Matadi,1
C02023,28,Female,Mbuji-Mayi,1
C02024,30,Male,Mbuji-Mayi,2
C02025,34,Male,Kinshasa,2
C02026,25,Male,Kinshasa,3
C02027,38,Male,Goma,1
C02028,35,Male,Goma,3
C02029,47,Male,Lubumbashi,3
C02030,35,Female,Lubumbashi,3
C02031,63,Female,Kananga,1
C02032,64,Male,Kinshasa,1
C02033,48,Female,Kananga,2
C02034,55,Female,Mbuji-Mayi,3
C02035,49,Male,Kananga,2
C02036,28,Male,Mbuji-Mayi,1
C02037,62,Female,Kisangani,1
C02038,42,Male,Kinshasa,2
C02039,50,Female,Goma,3
C02040,55,Female,Kananga,1
C02041,58,Female,Kinshasa,1
C02042,25,Male,Kisangani,2
C02043,28,Female,Matadi,2
C02044,39,Male,Goma,3
C02045,68,Male,Likasi,3
C02046,41,Male,Bukavu,2
C02047,58,Male,Kinshasa,1
C02048,34,Male,Kolwezi,2
C02049,29,Female,Kinshasa,4
C02050,63,Male,Mbuji-Mayi,4
C02051,49,Male,Likasi,3
C02052,32,Male,Kolwezi,1
C02053,33,Male,Kananga,3
C02054,39,Male,Kisangani,3
C02055,45,Female,Kolwezi,2
C02056,37,Male,Kananga,1
C02057,50,Male,Kananga,4
C02058,27,Female,Kananga,2
C02059,57,Male,Mbuji-Mayi,1
C02060,49,Female,Kolwezi,1
C02061,67,Female,Lubumbashi,2
C02062,50,Female,Kisangani,2
C02063,19,Female,Matadi,1
C02064,50,Male,Kinshasa,3
C02065,50,Male,Mbuji-Mayi,3
C02066,58,Female,Goma,3
C02067,30,Female,Matadi,1
C02068,47,Male,Kisangani,2
C02069,50,Female,Mbuji-Mayi,1
C02070,30,Female,Matadi,1
C02071,69,Female,Kinshasa,1
C02072,43,Male,Kananga,3
C02073,39,Female,Likasi,1
C02074,56,Male,Kananga,1
C02075,19,Male,Kisangani,1
C02076,55,Male,Kinshasa,2
C02077,56,Female,Matadi,4
C02078,43,Female,Bukavu,4
C02079,63,Male,Likasi,1
C02080,67,Male,Kananga,1
C02081,32,Male,Lubumbashi,1
C02082,51,Female,Matadi,3
C02083,59,Female,Kananga,1
C02084,61,Male,Matadi,1
C02085,66,Male,Likasi,2
C02086,57,Female,Kisangani,1
C02087,28,Male,Goma,1
C02088,20,Female,Kananga,1
C02089,23,Female,Matadi,1
C02090,26,Male,Goma,2
C02091,23,Male,Goma,4
C02092,26,Female,Lubumbashi,1
C02093,56,Female,Goma,1
C02094,48,Female,Likasi,4
C02095,49,Female,Kinshasa,3
C02096,58,Female,Goma,1
C02097,67,Male,Bukavu,2
C02098,29,Female,Matadi,1
C02099,25,Female,Goma,3
C02100,25,Female,Kolwezi,4
C02101,67,Male,Kinshasa,2
C02102,45,Male,Mbuji-Mayi,2
C02103,37,Female,Kinshasa,1
C02104,64,Female,Kisangani,2
C02105,24,Male,Mbuji-Mayi,2
C02106,28,Male,Lubumbashi,2
C02107,37,Male,Kinshasa,1
C02108,33,Male,Kisangani,2
C02109,21,Female,Kinshasa,2
C02110,23,Male,Goma,1
C02111,39,Female,Kananga,1
C02112,43,Female,Kananga,1
C02113,20,Male,Kisangani,3
C02114,58,Male,Kinshasa,2
C02115,59,Male,Kisangani,3
C02116,31,Male,Lubumbashi,1
C02117,28,Female,Kananga,4
C02118,35,Female,Kolwezi,3
C02119,29,Female,Mbuji-Mayi,1
C02120,40,Male,Likasi,1
C02121,29,Female,Goma,1
C02122,30,Male,Kolwezi,4
C02123,42,Female,Kolwezi,1
C02124,62,Male,Matadi,1
C02125,68,Female,Kolwezi,1
C02126,36,Female,Mbuji-Mayi,3
C02127,63,Male,Mbuji-Mayi,1
C02128,53,Female,Goma,1
C02129,62,Female,Kisangani,2
C02130,25,Male,Bukavu,2
C02131,46,Male,Bukavu,2
C02132,49,Male,Kinshasa,2
C02133,68,Male,Kinshasa,3
C02134,61,Male,Likasi,3
C02135,35,Female,Mbuji-Mayi,3
C02136,23,Male,Kinshasa,1
C02137,35,Female,Matadi,3
C02138,36,Female,Kinshasa,1
C02139,39,Male,Lubumbashi,1
C02140,54,Female,Lubumbashi,4
C02141,49,Female,Matadi,3
C02142,58,Male,Kolwezi,2
C02143,20,Female,Lubumbashi,3
C02144,45,Male,Bukavu,4
C02145,27,Male,Bukavu,2
C02146,68,Male,Lubumbashi,2
C02147,52,Female,Kinshasa,3
C02148,46,Female,Likasi,1
C02149,32,Female,Likasi,1
C02150,50,Female,Bukavu,3
C02151,24,Male,Lubumbashi,1
C02152,29,Female,Kolwezi,1
C02153,66,Male,Goma,1
C02154,47,Female,Kinshasa,1
C02155,38,Female,Kinshasa,4
C02156,48,Female,Likasi,2
C02157,41,Female,Lubumbashi,2
C02158,37,Female,Kisangani,4
C02159,54,Male,Kananga,4
C02160,21,Female,Lubumbashi,2
C02161,45,Female,Matadi,4
C02162,61,Female,Lubumbashi,2
C02163,37,Female,Kinshasa,1
C02164,41,Male,Goma,1
C02165,67,Female,Matadi,2
C02166,66,Male,Likasi,2
C02167,68,Female,Mbuji-Mayi,2
C02168,49,Male,Mbuji-Mayi,2
C02169,58,Male,Kisangani,1
C02170,53,Male,Likasi,1
C02171,51,Male,Kolwezi,2
C02172,53,Male,Bukavu,1
C02173,19,Female,Kisangani,2
C02174,32,Male,Mbuji-Mayi,2
C02175,51,Female,Bukavu,2
C02176,53,Male,Kolwezi,1
C02177,23,Male,Likasi,2
C02178,56,Female,Bukavu,3
C02179,59,Male,Likasi,4
C02180,68,Male,Kolwezi,3
C02181,68,Male,Kananga,2
C02182,29,Male,Matadi,1
C02183,20,Female,Bukavu,2
C02184,62,Male,Bukavu,4
C02185,35,Male,Likasi,1
C02186,57,Female,Likasi,1
C02187,38,Female,Bukavu,1
C02188,32,Male,Likasi,3
C02189,50,Male,Goma,2
C02190,52,Female,Goma,1
C02191,43,Male,Kananga,3
C02192,25,Female,Kananga,2
C02193,53,Male,Kananga,1
C02194,65,Female,Mbuji-Mayi,1
C02195,47,Female,Mbuji-Mayi,1
C02196,40,Female,Lubumbashi,2
C02197,59,Male,Kisangani,1
C02198,61,Male,Matadi,2
C02199,31,Male,Goma,3
C02200,31,Male,Kolwezi,2
C02201,19,Female,Matadi,1
C02202,54,Female,Matadi,2
C02203,22,Female,Kolwezi,3
C02204,55,Male,Kinshasa,1
C02205,62,Male,Bukavu,1
C02206,58,Male,Kisangani,2
C02207,64,Female,Lubumbashi,2
C02208,31,Male,Kananga,1
C02209,56,Male,Kolwezi,3
C02210,42,Female,Mbuji-Mayi,2
C02211,37,Female,Kananga,4
C02212,19,Male,Likasi,1
C02213,56,Female,Kolwezi,3
C02214,23,Male,Kananga,1
C02215,34,Female,Bukavu,2
C02216,42,Female,Bukavu,2
C02217,45,Female,Bukavu,1
C02218,19,Male,Kananga,3
C02219,52,Male,Bukavu,1
C02220,54,Male,Goma,2
C02221,22,Female,Mbuji-Mayi,1
C02222,18,Female,Lubumbashi,3
C02223,57,Female,Kolwezi,1
C02224,29,Female,Matadi,3
C02225,53,Male,Kananga,3
C02226,62,Male,Kananga,3
C02227,40,Male,Mbuji-Mayi,1
C02228,64,Female,Kinshasa,2
C02229,48,Female,Kisangani,1
C02230,28,Male,Likasi,3
C02231,27,Female,Kolwezi,3
C02232,20,Male,Kinshasa,2
C02233,31,Female,Likasi,3
C02234,33,Female,Kisangani,1
C02235,27,Male,Matadi,2
C02236,46,Male,Kananga,1
C02237,27,Female,Bukavu,4
C02238,29,Male,Mbuji-Mayi,3
C02239,47,Male,Kolwezi,3
C02240,58,Female,Mbuji-Mayi,4
C02241,18,Female,Lubumbashi,1
C02242,22,Female,Matadi,4
C02243,37,Male,Lubumbashi,1
C02244,25,Female,Kisangani,3
C02245,60,Female,Kisangani,3
C02246,29,Female,Goma,1
C02247,18,Female,Kisangani,1
C02248,37,Female,Kinshasa,1
C02249,45,Male,Kinshasa,4
C02250,60,Female,Bukavu,1
C02251,54,Female,Kananga,2
C02252,64,Male,Mbuji-Mayi,3
C02253,54,Female,Kananga,1
C02254,29,Female,Kananga,2
C02255,54,Male,Kinshasa,2
C02256,66,Female,Mbuji-Mayi,1
C02257,66,Male,Bukavu,3
C02258,61,Female,Matadi,1
C02259,45,Male,Goma,1
C02260,64,Male,Kinshasa,2
C02261,32,Female,Lubumbashi,2
C02262,23,Male,Goma,4
C02263,61,Male,Matadi,3
C02264,37,Female,Kisangani,2
C02265,67,Female,Kananga,1
C02266,31,Male,Kolwezi,1
C02267,19,Female,Bukavu,1
C02268,26,Male,Kananga,2
C02269,54,Male,Kisangani,3
C02270,37,Female,Matadi,1
C02271,43,Female,Lubumbashi,1
C02272,46,Male,Bukavu,2
C02273,18,Female,Bukavu,1
C02274,52,Female,Matadi,3
C02275,23,Male,Goma,2
C02276,54,Male,Likasi,2
C02277,22,Male,Kananga,1
C02278,50,Male,Goma,4
C02279,66,Male,Kinshasa,1
C02280,68,Male,Matadi,3
C02281,31,Female,Kinshasa,1
C02282,29,Male,Lubumbashi,3
C02283,59,Female,Goma,3
C02284,37,Female,Kolwezi,1
C02285,67,Male,Likasi,3
C02286,41,Female,Matadi,2
C02287,60,Male,Matadi,1
C02288,51,Female,Likasi,1
C02289,42,Male,Bukavu,2
C02290,67,Male,Kisangani,2
C02291,46,Male,Lubumbashi,3
C02292,56,Male,Goma,3
C02293,48,Female,Matadi,2
C02294,64,Female,Matadi,3
C02295,60,Female,Likasi,2
C02296,67,Female,Kolwezi,1
C02297,40,Female,Likasi,4
C02298,61,Male,Likasi,1
C02299,55,Male,Kananga,1
C02300,37,Male,Goma,3
C02301,40,Male,Bukavu,2
C02302,62,Male,Likasi,1
C02303,69,Female,Kolwezi,1
C02304,33,Male,Bukavu,2
C02305,67,Male,Mbuji-Mayi,4
C02306,59,Female,Goma,2
C02307,25,Female,Matadi,2
C02308,67,Male,Mbuji-Mayi,1
C02309,38,Male,Bukavu,1
C02310,18,Female,Bukavu,1
C02311,25,Male,Goma,1
C02312,46,Male,Kisangani,2
C02313,49,Male,Kananga,1
C02314,55,Female,Matadi,1
C02315,22,Male,Mbuji-Mayi,3
C02316,64,Male,Likasi,3
C02317,39,Female,Lubumbashi,4
C02318,64,Female,Kisangani,2
C02319,51,Female,Matadi,1
C02320,18,Male,Lubumbashi,3
C02321,43,Female,Kananga,1
C02322,60,Male,Lubumbashi,2
C02323,27,Female,Likasi,3
C02324,47,Male,Lubumbashi,3
C02325,67,Female,Kisangani,4
C02326,35,Male,Kinshasa,3
C02327,34,Male,Kisangani,2
C02328,43,Female,Likasi,1
C02329,25,Female,Mbuji-Mayi,4
C02330,64,Male,Kinshasa,1
C02331,57,Female,Kananga,4
C02332,66,Male,Kisangani,1
C02333,29,Female,Kinshasa,1
C02334,44,Female,Bukavu,3
C02335,25,Male,Kisangani,1
C02336,42,Female,Kinshasa,3
C02337,63,Female,Goma,1
C02338,21,Male,Mbuji-Mayi,3
C02339,50,Male,Matadi,2
C02340,18,Female,Lubumbashi,2
C02341,36,Male,Kinshasa,1
C02342,48,Female,Matadi,1
C02343,33,Female,Kisangani,3
C02344,31,Male,Matadi,1
C02345,65,Male,Bukavu,1
C02346,22,Male,Kolwezi,2
C02347,58,Male,Kolwezi,2
C02348,43,Male,Mbuji-Mayi,1
C02349,45,Male,Kinshasa,1
C02350,19,Female,Bukavu,1
C02351,67,Female,Lubumbashi,3
C02352,23,Male,Kananga,1
C02353,26,Female,Likasi,4
C02354,50,Female,Mbuji-Mayi,1
C02355,58,Female,Likasi,1
C02356,42,Female,Kolwezi,2
C02357,65,Male,Goma,1
C02358,30,Female,Kananga,2
C02359,26,Female,Kananga,3
C02360,30,Male,Likasi,1
C02361,48,Male,Goma,3
C02362,58,Male,Kisangani,1
C02363,28,Male,Matadi,1
C02364,21,Female,Mbuji-Mayi,1
C02365,51,Male,Bukavu,4
C02366,55,Female,Kananga,1
C02367,63,Female,Likasi,3
C02368,21,Male,Matadi,2
C02369,55,Male,Kolwezi,1
C02370,36,Male,Bukavu,2
C02371,23,Male,Likasi,3
C02372,51,Male,Mbuji-Mayi,3
C02373,35,Male,Lubumbashi,2
C02374,30,Female,Kananga,3
C02375,58,Female,Kolwezi,1
C02376,40,Female,Mbuji-Mayi,4
C02377,36,Female,Kinshasa,3
C02378,62,Male,Kolwezi,3
C02379,28,Male,Bukavu,3
C02380,18,Female,Kinshasa,2
C02381,41,Female,Kolwezi,2
C02382,24,Female,Likasi,2
C02383,42,Male,Lubumbashi,1
C02384,38,Male,Matadi,2
C02385,32,Male,Lubumbashi,1
C02386,18,Female,Lubumbashi,2
C02387,29,Female,Likasi,1
C02388,24,Male,Goma,1
C02389,32,Male,Kolwezi,1
C02390,38,Female,Matadi,3
C02391,36,Female,Kisangani,1
C02392,46,Male,Likasi,3
C02393,42,Female,Goma,1
C02394,50,Male,Likasi,2
C02395,66,Male,Goma,1
C02396,49,Female,Lubumbashi,1
C02397,66,Female,Kananga,2
C02398,52,Female,Kananga,2
C02399,61,Male,Kinshasa,1
C02400,55,Female,Kisangani,2
C02401,43,Female,Matadi,3
C02402,28,Male,Goma,1
C02403,52,Male,Kolwezi,1
C02404,25,Female,Lubumbashi,2
C02405,63,Male,Bukavu,1
C02406,31,Male,Kolwezi,4
C02407,27,Male,Kolwezi,2
C02408,19,Female,Goma,2
C02409,63,Female,Matadi,2
C02410,26,Male,Lubumbashi,2
C02411,20,Male,Lubumbashi,1
C02412,38,Male,Matadi,4
C02413,43,Female,Kananga,2
C02414,25,Male,Mbuji-Mayi,1
C02415,65,Male,Kinshasa,2
C02416,19,Female,Likasi,1
C02417,23,Male,Kinshasa,1
C02418,45,Female,Kananga,2
C02419,46,Female,Goma,2
C02420,43,Female,Goma,2
C02421,42,Male,Kisangani,1
C02422,29,Male,Kinshasa,2
C02423,22,Female,Kinshasa,1
C02424,51,Male,Likasi,2
C02425,65,Female,Goma,2
C02426,54,Male,Kolwezi,2
C02427,32,Female,Kinshasa,3
C02428,61,Female,Likasi,3
C02429,53,Male,Matadi,4
C02430,32,Male,Bukavu,4
C02431,60,Male,Matadi,3
C02432,65,Male,Likasi,4
C02433,40,Female,Kolwezi,3
C02434,23,Female,Kisangani,3
C02435,63,Male,Goma,1
C02436,67,Male,Kisangani,1
C02437,61,Female,Kisangani,3
C02438,60,Male,Likasi,2
C02439,62,Male,Goma,3
C02440,38,Male,Lubumbashi,1
C02441,40,Male,Bukavu,1
C02442,60,Female,Kinshasa,3
C02443,33,Female,Kisangani,4
C02444,64,Male,Matadi,1
C02445,32,Female,Lubumbashi,3
C02446,42,Male,Lubumbashi,3
C02447,53,Male,Kolwezi,1
C02448,28,Male,Kisangani,1
C02449,68,Female,Kisangani,1
C02450,32,Female,Mbuji-Mayi,1
C02451,21,Female,Likasi,2
C02452,38,Female,Kolwezi,1
C02453,30,Female,Lubumbashi,1
C02454,39,Male,Lubumbashi,3
C02455,36,Male,Mbuji-Mayi,2
C02456,51,Female,Kinshasa,2
C02457,31,Female,Kananga,1
C02458,21,Female,Matadi,3
C02459,65,Male,Kananga,3
C02460,69,Female,Kisangani,2
C02461,63,Male,Goma,4
C02462,44,Male,Kolwezi,3
C02463,46,Female,Kisangani,3
C02464,64,Male,Kinshasa,3
C02465,45,Male,Kananga,1
C02466,52,Female,Kisangani,1
C02467,25,Male,Matadi,1
C02468,33,Female,Lubumbashi,1
C02469,59,Male,Likasi,1
C02470,53,Female,Bukavu,3
C02471,47,Female,Kisangani,1
C02472,35,Male,Kinshasa,4
C02473,19,Female,Kolwezi,2
C02474,66,Male,Goma,1
C02475,30,Male,Matadi,2
C02476,21,Female,Mbuji-Mayi,1
C02477,43,Male,Kinshasa,4
C02478,42,Female,Kananga,3
C02479,47,Male,Likasi,1
C02480,28,Male,Kananga,4
C02481,24,Female,Lubumbashi,3
C02482,48,Male,Likasi,1
C02483,61,Male,Kananga,2
C02484,27,Male,Kolwezi,2
C02485,56,Male,Kananga,1
C02486,30,Male,Matadi,3
C02487,48,Male,Matadi,1
C02488,24,Male,Bukavu,2
C02489,66,Male,Kananga,1
C02490,59,Female,Kolwezi,4
C02491,59,Male,Kolwezi,3
C02492,53,Male,Kisangani,1
C02493,37,Female,Goma,1
C02494,21,Female,Likasi,1
C02495,24,Female,Kinshasa,3
C02496,18,Male,Mbuji-Mayi,1
C02497,61,Female,Likasi,3
C02498,62,Female,Likasi,4
C02499,59,Male,Lubumbashi,2
C02500,64,Male,Likasi,1
C02501,30,Female,Lubumbashi,1
C02502,39,Female,Kisangani,2
C02503,38,Male,Goma,2
C02504,39,Male,Kolwezi,2
C02505,45,Male,Bukavu,2
C02506,26,Male,Kolwezi,1
C02507,43,Male,Kananga,3
C02508,26,Female,Mbuji-Mayi,1
C02509,32,Male,Goma,2
C02510,27,Male,Goma,3
C02511,41,Male,Kisangani,1
C02512,59,Male,Mbuji-Mayi,3
C02513,25,Male,Kananga,3
C02514,41,Female,Kananga,2
C02515,33,Male,Bukavu,1
C02516,66,Female,Kinshasa,1
C02517,43,Male,Kolwezi,1
C02518,44,Female,Likasi,1
C02519,54,Female,Mbuji-Mayi,4
C02520,21,Male,Kananga,2
C02521,67,Male,Kananga,1
C02522,41,Male,Kinshasa,4
C02523,36,Male,Goma,3
C02524,53,Male,Kananga,1
C02525,56,Female,Bukavu,1
C02526,27,Male,Kananga,1
C02527,42,Male,Kananga,4
C02528,35,Female,Kinshasa,2
C02529,36,Male,Bukavu,3
C02530,53,Female,Matadi,1
C02531,27,Male,Lubumbashi,3
C02532,50,Female,Kinshasa,1
C02533,67,Male,Goma,4
C02534,22,Female,Goma,4
C02535,64,Female,Mbuji-Mayi,1
C02536,66,Male,Kinshasa,3
C02537,52,Male,Kisangani,3
C02538,61,Male,Kinshasa,4
C02539,51,Female,Matadi,1
C02540,50,Female,Kananga,2
C02541,38,Female,Kinshasa,3
C02542,34,Male,Kisangani,3
C02543,39,Male,Likasi,1
C02544,65,Female,Kisangani,3
C02545,54,Male,Goma,1
C02546,32,Female,Matadi,3
C02547,52,Male,Kananga,1
C02548,45,Male,Kisangani,1
C02549,24,Female,Matadi,2
C02550,49,Male,Likasi,2
C02551,28,Male,Bukavu,2
C02552,27,Male,Bukavu,2
C02553,26,Male,Bukavu,1
C02554,31,Male,Likasi,1
C02555,30,Female,Kananga,3
C02556,42,Male,Lubumbashi,1
C02557,19,Female,Lubumbashi,2
C02558,52,Male,Matadi,2
C02559,24,Male,Bukavu,4
C02560,38,Female,Goma,3
C02561,35,Female,Kananga,1
C02562,20,Male,Lubumbashi,3
C02563,59,Male,Kinshasa,4
C02564,56,Female,Mbuji-Mayi,2
C02565,58,Female,Kolwezi,4
C02566,66,Female,Likasi,2
C02567,28,Female,Likasi,2
C02568,56,Male,Lubumbashi,1
C02569,41,Male,Likasi,2
C02570,63,Male,Bukavu,1
C02571,36,Male,Kolwezi,1
C02572,21,Male,Goma,1
C02573,43,Female,Kinshasa,1
C02574,55,Female,Matadi,1
C02575,59,Female,Kolwezi,2
C02576,49,Male,Goma,1
C02577,56,Female,Likasi,4
C02578,62,Male,Lubumbashi,1
C02579,63,Male,Kisangani,2
C02580,53,Male,Matadi,1
C02581,57,Female,Kananga,1
C02582,54,Male,Mbuji-Mayi,1
C02583,50,Male,Lubumbashi,2
C02584,53,Female,Likasi,3
C02585,20,Male,Lubumbashi,1
C02586,26,Female,Bukavu,1
C02587,25,Male,Likasi,1
C02588,50,Female,Lubumbashi,3
C02589,23,Male,Kolwezi,3
C02590,58,Male,Kolwezi,1
C02591,56,Female,Kinshasa,1
C02592,21,Male,Kinshasa,4
C02593,30,Female,Matadi,1
C02594,66,Male,Lubumbashi,2
C02595,19,Female,Kinshasa,1
C02596,22,Male,Bukavu,2
C02597,61,Male,Goma,4
C02598,44,Male,Kinshasa,4
C02599,49,Female,Lubumbashi,3
C02600,38,Female,Kolwezi,2
C02601,25,Female,Mbuji-Mayi,2
C02602,55,Female,Kisangani,1
C02603,25,Female,Kananga,4
C02604,67,Male,Kinshasa,3
C02605,20,Male,Kananga,2
C02606,61,Male,Kisangani,1
C02607,20,Male,Matadi,2
C02608,39,Male,Kolwezi,4
C02609,23,Female,Kolwezi,2
C02610,19,Male,Kisangani,1
C02611,40,Female,Lubumbashi,1
C02612,61,Male,Kananga,1
C02613,19,Female,Kananga,4
C02614,55,Female,Kisangani,4
C02615,34,Female,Kananga,4
C02616,52,Male,Lubumbashi,3
C02617,51,Male,Kolwezi,2
C02618,40,Male,Matadi,2
C02619,47,Male,Bukavu,2
C02620,69,Female,Kolwezi,3
C02621,25,Female,Goma,2
C02622,39,Female,Goma,2
C02623,61,Female,Kolwezi,1
C02624,53,Male,Lubumbashi,1
C02625,22,Female,Bukavu,3
C02626,30,Male,Matadi,4
C02627,46,Female,Kananga,2
C02628,48,Female,Goma,1
C02629,64,Female,Goma,4
C02630,33,Male,Goma,3
C02631,59,Male,Likasi,2
C02632,47,Female,Lubumbashi,2
C02633,33,Female,Kolwezi,2
C02634,29,Female,Bukavu,2
C02635,34,Male,Kolwezi,3
C02636,33,Male,Likasi,1
C02637,29,Male,Goma,1
C02638,25,Female,Kisangani,1
C02639,37,Male,Likasi,1
C02640,20,Female,Lubumbashi,1
C02641,33,Male,Matadi,1
C02642,47,Female,Kananga,1
C02643,62,Female,Mbuji-Mayi,1
C02644,40,Male,Bukavu,1
C02645,45,Female,Likasi,1
C02646,68,Female,Matadi,2
C02647,57,Female,Mbuji-Mayi,2
C02648,22,Male,Matadi,1
C02649,37,Female,Kolwezi,2
C02650,57,Male,Kolwezi,4
C02651,61,Male,Goma,4
C02652,18,Female,Kinshasa,1
C02653,47,Male,Kananga,3
C02654,38,Female,Lubumbashi,1
C02655,37,Male,Lubumbashi,1
C02656,23,Female,Goma,1
C02657,39,Male,Kolwezi,1
C02658,35,Female,Goma,2
C02659,25,Female,Kisangani,2
C02660,56,Female,Likasi,3
C02661,49,Female,Likasi,1
C02662,50,Male,Bukavu,1
C02663,33,Male,Kolwezi,1
C02664,29,Female,Kinshasa,1
C02665,55,Male,Kisangani,4
C02666,69,Female,Kisangani,3
C02667,51,Female,Kolwezi,4
C02668,31,Male,Likasi,2
C02669,53,Male,Mbuji-Mayi,2
C02670,50,Female,Likasi,1
C02671,40,Male,Bukavu,2
C02672,67,Female,Bukavu,2
C02673,62,Male,Kolwezi,3
C02674,19,Male,Kananga,2
C02675,58,Male,Kananga,1
C02676,38,Male,Kinshasa,3
C02677,19,Male,Kananga,3
C02678,44,Female,Matadi,2
C02679,26,Male,Matadi,2
C02680,18,Male,Lubumbashi,1
C02681,28,Female,Matadi,2
C02682,20,Female,Mbuji-Mayi,1
C02683,69,Female,Mbuji-Mayi,1
C02684,40,Male,Mbuji-Mayi,2
C02685,43,Male,Matadi,1
C02686,21,Female,Kinshasa,3
C02687,35,Female,Likasi,3
C02688,23,Female,Kolwezi,1
C02689,52,Female,Goma,3
C02690,39,Male,Lubumbashi,2
C02691,60,Male,Bukavu,1
C02692,32,Male,Kisangani,2
C02693,39,Male,Bukavu,2
C02694,54,Male,Lubumbashi,2
C02695,69,Female,Bukavu,4
C02696,59,Male,Likasi,2
C02697,29,Female,Bukavu,4
C02698,64,Female,Bukavu,2
C02699,66,Female,Likasi,1
C02700,59,Male,Likasi,2
C02701,55,Female,Matadi,1
C02702,35,Male,Likasi,2
C02703,62,Female,Goma,2
C02704,52,Male,Kananga,2
C02705,47,Female,Goma,1
C02706,41,Male,Bukavu,2
C02707,59,Female,Goma,1
C02708,47,Female,Lubumbashi,2
C02709,31,Female,Kolwezi,3
C02710,23,Female,Kananga,4
C02711,20,Male,Kolwezi,1
C02712,33,Male,Kisangani,2
C02713,24,Male,Goma,2
C02714,69,Female,Kolwezi,4
C02715,31,Female,Likasi,2
C02716,26,Female,Kinshasa,1
C02717,32,Female,Kinshasa,2
C02718,38,Female,Likasi,2
C02719,52,Female,Kolwezi,3
C02720,19,Male,Bukavu,3
C02721,44,Male,Likasi,1
C02722,19,Male,Kananga,4
C02723,52,Male,Mbuji-Mayi,1
C02724,35,Male,Lubumbashi,4
C02725,31,Male,Bukavu,3
C02726,37,Male,Kananga,2
C02727,35,Male,Kolwezi,3
C02728,27,Female,Bukavu,1
C02729,42,Female,Bukavu,1
C02730,19,Female,Kolwezi,1
C02731,42,Female,Likasi,1
C02732,50,Female,Kolwezi,2
C02733,53,Female,Goma,1
C02734,48,Female,Goma,3
C02735,31,Male,Lubumbashi,2
C02736,18,Male,Kinshasa,2
C02737,63,Female,Matadi,2
C02738,33,Male,Lubumbashi,1
C02739,63,Male,Lubumbashi,1
C02740,69,Male,Mbuji-Mayi,1
C02741,20,Male,Matadi,3
C02742,52,Male,Kinshasa,2
C02743,58,Female,Bukavu,1
C02744,23,Male,Matadi,3
C02745,42,Female,Mbuji-Mayi,1
C02746,30,Female,Kisangani,2
C02747,51,Female,Lubumbashi,2
C02748,25,Male,Kolwezi,3
C02749,38,Female,Lubumbashi,4
C02750,51,Female,Likasi,3
C02751,21,Female,Mbuji-Mayi,2
C02752,42,Female,Lubumbashi,1
C02753,32,Male,Lubumbashi,3
C02754,21,Female,Matadi,2
C02755,62,Female,Matadi,1
C02756,29,Female,Kolwezi,3
C02757,49,Female,Kananga,1
C02758,49,Male,Likasi,1
C02759,45,Female,Kolwezi,4
C02760,30,Female,Kisangani,2
C02761,48,Female,Likasi,1
C02762,31,Female,Matadi,3
C02763,37,Female,Lubumbashi,3
C02764,35,Female,Bukavu,1
C02765,46,Male,Lubumbashi,2
C02766,23,Female,Kinshasa,3
C02767,49,Male,Kolwezi,1
C02768,46,Male,Likasi,2
C02769,60,Female,Bukavu,1
C02770,19,Male,Kinshasa,3
C02771,40,Female,Kisangani,3
C02772,36,Male,Lubumbashi,1
C02773,48,Female,Kananga,3
C02774,68,Male,Mbuji-Mayi,3
C02775,22,Male,Kinshasa,1
C02776,36,Female,Lubumbashi,2
C02777,51,Male,Lubumbashi,1
C02778,27,Male,Likasi,4
C02779,42,Male,Likasi,2
C02780,19,Male,Kananga,2
C02781,28,Male,Kinshasa,2
C02782,67,Female,Matadi,2
C02783,48,Male,Likasi,3
C02784,32,Male,Mbuji-Mayi,2
C02785,26,Female,Lubumbashi,4
C02786,40,Female,Lubumbashi,2
C02787,36,Female,Kisangani,1
C02788,26,Male,Kisangani,4
C02789,52,Male,Kananga,2
C02790,38,Male,Kinshasa,2
C02791,26,Male,Goma,4
C02792,45,Female,Bukavu,1
C02793,63,Female,Likasi,2
C02794,68,Male,Kinshasa,1
C02795,24,Male,Lubumbashi,2
C02796,33,Male,Kolwezi,3
C02797,33,Male,Kisangani,4
C02798,50,Female,Bukavu,2
C02799,21,Female,Likasi,3
C02800,21,Male,Matadi,4
C02801,56,Female,Matadi,2
C02802,57,Male,Kisangani,1
C02803,34,Male,Kinshasa,2
C02804,54,Female,Likasi,4
C02805,56,Male,Bukavu,4
C02806,69,Female,Lubumbashi,2
C02807,46,Male,Kinshasa,3
C02808,69,Female,Kisangani,1
C02809,53,Male,Kananga,1
C02810,55,Female,Goma,4
C02811,56,Male,Kinshasa,1
C02812,67,Male,Mbuji-Mayi,1
C02813,54,Female,Likasi,2
C02814,69,Male,Matadi,2
C02815,52,Female,Mbuji-Mayi,2
C02816,24,Female,Kinshasa,1
C02817,44,Male,Kinshasa,4
C02818,45,Male,Mbuji-Mayi,4
C02819,39,Male,Kananga,1
C02820,31,Male,Mbuji-Mayi,2
C02821,24,Female,Lubumbashi,3
C02822,54,Male,Bukavu,2
C02823,39,Male,Mbuji-Mayi,1
C02824,22,Male,Mbuji-Mayi,2
C02825,19,Female,Likasi,1
C02826,44,Male,Bukavu,1
C02827,38,Female,Goma,2
C02828,55,Male,Mbuji-Mayi,2
C02829,32,Female,Mbuji-Mayi,3
C02830,38,Male,Lubumbashi,3
C02831,27,Male,Matadi,1
C02832,40,Female,Lubumbashi,3
C02833,56,Male,Mbuji-Mayi,1
C02834,22,Male,Likasi,2
C02835,18,Male,Lubumbashi,3
C02836,30,Female,Likasi,2
C02837,38,Male,Bukavu,2
C02838,43,Female,Likasi,2
C02839,67,Female,Kananga,4
C02840,62,Female,Kolwezi,2
C02841,38,Male,Bukavu,3
C02842,35,Female,Kolwezi,4
C02843,54,Female,Mbuji-Mayi,3
C02844,62,Male,Mbuji-Mayi,2
C02845,49,Female,Kananga,1
C02846,53,Female,Kinshasa,1
C02847,34,Male,Kolwezi,2
C02848,52,Male,Lubumbashi,3
C02849,66,Female,Kananga,2
C02850,28,Male,Bukavu,4
C02851,38,Male,Goma,1
C02852,69,Male,Lubumbashi,3
C02853,43,Female,Likasi,2
C02854,21,Female,Mbuji-Mayi,2
C02855,51,Male,Bukavu,3
C02856,69,Female,Kananga,1
C02857,65,Male,Kolwezi,1
C02858,35,Male,Kolwezi,2
C02859,57,Male,Kisangani,2
C02860,52,Male,Mbuji-Mayi,3
C02861,58,Male,Lubumbashi,4
C02862,46,Female,Likasi,1
C02863,69,Female,Likasi,2
C02864,46,Female,Mbuji-Mayi,2
C02865,55,Female,Kisangani,4
C02866,59,Male,Kisangani,4
C02867,38,Male,Lubumbashi,3
C02868,59,Female,Kisangani,2
C02869,30,Female,Kananga,1
C02870,66,Male,Kisangani,1
C02871,58,Male,Kolwezi,2
C02872,34,Male,Matadi,3
C02873,26,Female,Kinshasa,2
C02874,58,Male,Kolwezi,3
C02875,18,Male,Kolwezi,2
C02876,19,Female,Goma,3
C02877,65,Female,Goma,1
C02878,46,Female,Mbuji-Mayi,1
C02879,50,Male,Goma,1
C02880,27,Male,Mbuji-Mayi,3
C02881,67,Female,Kolwezi,1
C02882,57,Male,Kinshasa,3
C02883,38,Male,Lubumbashi,1
C02884,45,Male,Lubumbashi,2
C02885,28,Female,Matadi,4
C02886,51,Female,Bukavu,2
C02887,25,Male,Lubumbashi,1
C02888,39,Male,Bukavu,1
C02889,25,Male,Kisangani,4
C02890,66,Male,Likasi,2
C02891,32,Female,Kolwezi,2
C02892,34,Female,Kinshasa,2
C02893,40,Male,Mbuji-Mayi,1
C02894,41,Male,Bukavu,1
C02895,62,Female,Matadi,2
C02896,36,Male,Lubumbashi,3
C02897,22,Female,Kananga,1
C02898,49,Male,Lubumbashi,3
C02899,61,Female,Goma,3
C02900,18,Male,Kolwezi,4
C02901,40,Male,Goma,1
C02902,54,Female,Lubumbashi,1
C02903,25,Female,Kananga,3
C02904,30,Male,Goma,1
C02905,25,Male,Kinshasa,1
C02906,40,Female,Goma,3
C02907,60,Female,Kananga,1
C02908,18,Male,Goma,2
C02909,62,Male,Bukavu,2
C02910,68,Female,Kisangani,3
C02911,41,Female,Mbuji-Mayi,1
C02912,52,Female,Lubumbashi,3
C02913,41,Female,Bukavu,2
C02914,34,Female,Mbuji-Mayi,2
C02915,22,Male,Kisangani,1
C02916,37,Male,Bukavu,1
C02917,38,Female,Matadi,2
C02918,57,Male,Bukavu,2
C02919,48,Male,Kinshasa,4
C02920,63,Female,Kananga,2
C02921,53,Male,Lubumbashi,2
C02922,28,Male,Kolwezi,2
C02923,69,Male,Mbuji-Mayi,3
C02924,32,Female,Goma,2
C02925,36,Female,Lubumbashi,1
C02926,24,Male,Kolwezi,3
C02927,68,Male,Kisangani,2
C02928,45,Male,Bukavu,2
C02929,68,Male,Kolwezi,2
C02930,60,Male,Matadi,3
C02931,22,Male,Lubumbashi,1
C02932,22,Female,Lubumbashi,1
C02933,47,Male,Lubumbashi,3
C02934,49,Male,Kananga,1
C02935,25,Female,Kisangani,3
C02936,27,Male,Kananga,1
C02937,55,Male,Lubumbashi,1
C02938,64,Male,Matadi,1
C02939,49,Male,Goma,2
C02940,65,Female,Matadi,2
C02941,45,Male,Mbuji-Mayi,1
C02942,34,Female,Kisangani,1
C02943,48,Male,Bukavu,4
C02944,25,Male,Lubumbashi,2
C02945,57,Female,Kolwezi,3
C02946,42,Male,Goma,4
C02947,26,Female,Bukavu,4
C02948,19,Female,Likasi,3
C02949,32,Female,Matadi,1
C02950,67,Male,Goma,4
C02951,20,Male,Likasi,3
C02952,66,Male,Kananga,3
C02953,53,Male,Likasi,1
C02954,21,Female,Bukavu,4
C02955,31,Male,Kisangani,3
C02956,58,Male,Matadi,3
C02957,58,Female,Goma,1
C02958,42,Female,Likasi,1
C02959,67,Male,Matadi,4
C02960,27,Female,Goma,2
C02961,38,Female,Goma,1
C02962,53,Female,Bukavu,3
C02963,29,Female,Matadi,1
C02964,44,Female,Bukavu,2
C02965,57,Male,Likasi,1
C02966,19,Male,Mbuji-Mayi,1
C02967,30,Male,Kisangani,1
C02968,49,Male,Mbuji-Mayi,1
C02969,48,Male,Kinshasa,1
C02970,33,Male,Lubumbashi,2
C02971,49,Male,Mbuji-Mayi,4
C02972,49,Female,Kananga,2
C02973,51,Male,Kisangani,1
C02974,28,Male,Lubumbashi,1
C02975,27,Male,Likasi,3
C02976,32,Female,Bukavu,4
C02977,34,Male,Kananga,1
C02978,57,Male,Lubumbashi,1
C02979,35,Female,Lubumbashi,2
C02980,26,Male,Goma,3
C02981,42,Male,Kinshasa,2
C02982,57,Female,Bukavu,2
C02983,31,Male,Likasi,3
C02984,42,Female,Matadi,4
C02985,67,Male,Mbuji-Mayi,1
C02986,39,Male,Kisangani,4
C02987,69,Male,Kinshasa,1
C02988,47,Female,Goma,3
C02989,37,Female,Goma,2
C02990,38,Female,Lubumbashi,2
C02991,61,Male,Kolwezi,2
C02992,49,Male,Mbuji-Mayi,1
C02993,68,Female,Kinshasa,1
C02994,63,Female,Lubumbashi,2
C02995,66,Male,Kinshasa,2
C02996,38,Male,Kananga,1
C02997,52,Male,Bukavu,4
C02998,49,Male,Kisangani,1
C02999,47,Female,Mbuji-Mayi,2
C03000,56,Male,Goma,1
C03001,66,Male,Kolwezi,2
C03002,29,Male,Likasi,1
C03003,58,Male,Matadi,2
C03004,64,Male,Bukavu,1
C03005,35,Male,Mbuji-Mayi,1
C03006,38,Male,Kananga,3
C03007,30,Female,Mbuji-Mayi,2
C03008,38,Female,Likasi,1
C03009,25,Female,Kisangani,1
C03010,63,Male,Kisangani,3
C03011,57,Female,Kinshasa,1
C03012,63,Male,Lubumbashi,4
C03013,24,Male,Kisangani,2
C03014,40,Male,Kolwezi,1
C03015,61,Male,Matadi,3
C03016,49,Female,Kananga,3
C03017,28,Male,Likasi,1
C03018,39,Male,Goma,2
C03019,39,Female,Kisangani,2
C03020,60,Female,Goma,4
C03021,42,Female,Kisangani,2
C03022,39,Male,Kolwezi,1
C03023,45,Female,Goma,1
C03024,46,Male,Lubumbashi,1
C03025,30,Male,Kananga,1
C03026,35,Female,Matadi,1
C03027,19,Female,Kolwezi,2
C03028,46,Female,Lubumbashi,1
C03029,38,Male,Matadi,1
C03030,32,Male,Lubumbashi,2
C03031,69,Male,Lubumbashi,1
C03032,44,Male,Lubumbashi,1
C03033,67,Male,Kinshasa,1
C03034,48,Male,Matadi,1
C03035,32,Female,Lubumbashi,3
C03036,68,Male,Bukavu,2
C03037,40,Female,Bukavu,1
C03038,41,Female,Kisangani,1
C03039,61,Female,Kananga,1
C03040,30,Female,Goma,2
C03041,39,Female,Kisangani,2
C03042,60,Male,Kinshasa,2
C03043,54,Male,Bukavu,1
C03044,50,Male,Matadi,1
C03045,20,Male,Kananga,3
C03046,36,Female,Kananga,3
C03047,40,Female,Goma,4
C03048,46,Female,Matadi,1
C03049,47,Male,Likasi,3
C03050,56,Male,Goma,3
C03051,61,Male,Kananga,4
C03052,64,Male,Kinshasa,1
C03053,42,Female,Kolwezi,3
C03054,54,Female,Kolwezi,1
C03055,64,Male,Bukavu,2
C03056,25,Male,Kananga,1
C03057,59,Female,Kinshasa,3
C03058,33,Female,Goma,3
C03059,25,Female,Kinshasa,1
C03060,18,Female,Mbuji-Mayi,2
C03061,61,Male,Goma,1
C03062,22,Female,Lubumbashi,2
C03063,20,Female,Goma,1
C03064,18,Female,Bukavu,1
C03065,21,Female,Kolwezi,3
C03066,57,Male,Goma,1
C03067,52,Male,Lubumbashi,2
C03068,49,Male,Mbuji-Mayi,3
C03069,59,Male,Kinshasa,4
C03070,51,Male,Matadi,3
C03071,60,Male,Kolwezi,1
C03072,42,Female,Kinshasa,3
C03073,27,Female,Mbuji-Mayi,1
C03074,38,Female,Matadi,4
C03075,63,Female,Kananga,3
C03076,56,Male,Kisangani,3
C03077,44,Female,Bukavu,1
C03078,44,Male,Kinshasa,2
C03079,19,Female,Likasi,3
C03080,58,Female,Matadi,3
C03081,65,Female,Kananga,1
C03082,30,Male,Likasi,4
C03083,26,Female,Kisangani,1
C03084,69,Male,Kisangani,2
C03085,53,Male,Kolwezi,2
C03086,39,Female,Likasi,1
C03087,59,Male,Kolwezi,1
C03088,43,Male,Kolwezi,3
C03089,29,Female,Kolwezi,1
C03090,34,Female,Kolwezi,1
C03091,31,Female,Kananga,3
C03092,31,Female,Bukavu,3
C03093,51,Female,Goma,2
C03094,37,Female,Kananga,1
C03095,28,Male,Mbuji-Mayi,1
C03096,33,Female,Kolwezi,3
C03097,68,Female,Matadi,2
C03098,48,Male,Matadi,2
C03099,23,Female,Likasi,3
C03100,36,Male,Likasi,2
C03101,54,Female,Mbuji-Mayi,1
C03102,21,Female,Kananga,4
C03103,64,Male,Matadi,2
C03104,21,Female,Lubumbashi,2
C03105,37,Male,Lubumbashi,4
C03106,27,Female,Goma,4
C03107,41,Female,Lubumbashi,2
C03108,52,Male,Kinshasa,1
C03109,43,Female,Kolwezi,4
C03110,54,Female,Mbuji-Mayi,2
C03111,55,Male,Likasi,2
C03112,38,Female,Kinshasa,2
C03113,57,Male,Bukavu,2
C03114,56,Female,Kolwezi,3
C03115,38,Male,Matadi,2
C03116,27,Female,Kolwezi,3
C03117,55,Male,Likasi,3
C03118,63,Male,Kisangani,3
C03119,21,Female,Kisangani,3
C03120,62,Female,Kinshasa,3
C03121,37,Male,Kananga,1
C03122,34,Female,Matadi,1
C03123,24,Male,Likasi,3
C03124,21,Female,Likasi,2
C03125,46,Female,Likasi,1
C03126,31,Male,Lubumbashi,1
C03127,20,Male,Likasi,1
C03128,41,Female,Kisangani,3
C03129,54,Female,Bukavu,3
C03130,33,Female,Mbuji-Mayi,1
C03131,69,Female,Kolwezi,3
C03132,21,Female,Mbuji-Mayi,1
C03133,41,Male,Kisangani,3
C03134,51,Female,Kisangani,2
C03135,47,Female,Bukavu,3
C03136,35,Male,Goma,1
C03137,36,Male,Kinshasa,1
C03138,48,Male,Lubumbashi,3
C03139,36,Female,Kananga,1
C03140,66,Male,Likasi,4
C03141,63,Male,Likasi,2
C03142,36,Male,Bukavu,2
C03143,39,Male,Goma,2
C03144,41,Female,Likasi,1
C03145,62,Female,Lubumbashi,2
C03146,29,Female,Kinshasa,4
C03147,47,Male,Lubumbashi,1
C03148,55,Male,Goma,3
C03149,48,Male,Kisangani,2
C03150,53,Male,Lubumbashi,2
C03151,36,Male,Mbuji-Mayi,1
C03152,65,Male,Lubumbashi,2
C03153,62,Female,Kisangani,4
C03154,53,Female,Likasi,1
C03155,47,Male,Kolwezi,2
C03156,66,Female,Kolwezi,2
C03157,50,Male,Kolwezi,2
C03158,35,Male,Likasi,2
C03159,69,Female,Bukavu,2
C03160,66,Male,Kinshasa,1
C03161,45,Female,Kinshasa,4
C03162,64,Male,Likasi,3
C03163,28,Male,Lubumbashi,1
C03164,62,Female,Kananga,2
C03165,50,Male,Kinshasa,3
C03166,34,Male,Mbuji-Mayi,4
C03167,23,Male,Mbuji-Mayi,4
C03168,21,Female,Matadi,3
C03169,37,Male,Mbuji-Mayi,1
C03170,65,Male,Kinshasa,4
C03171,64,Male,Kananga,3
C03172,44,Female,Kisangani,1
C03173,32,Female,Kolwezi,1
C03174,23,Female,Lubumbashi,2
C03175,64,Female,Kisangani,2
C03176,31,Female,Kananga,1
C03177,28,Male,Bukavu,1
C03178,56,Female,Kolwezi,1
C03179,26,Female,Matadi,2
C03180,43,Male,Bukavu,1
C03181,33,Female,Kinshasa,3
C03182,22,Male,Kananga,1
C03183,69,Female,Kolwezi,4
C03184,27,Male,Matadi,3
C03185,67,Male,Lubumbashi,4
C03186,20,Female,Lubumbashi,3
C03187,30,Female,Likasi,1
C03188,60,Male,Kinshasa,2
C03189,66,Male,Mbuji-Mayi,1
C03190,47,Male,Kananga,4
C03191,62,Male,Matadi,1
C03192,23,Male,Matadi,2
C03193,34,Male,Mbuji-Mayi,3
C03194,62,Male,Mbuji-Mayi,4
C03195,68,Female,Bukavu,3
C03196,36,Male,Kolwezi,2
C03197,59,Female,Bukavu,2
C03198,52,Female,Goma,2
C03199,63,Male,Goma,1
C03200,43,Male,Kinshasa,3
C03201,68,Female,Likasi,2
C03202,22,Male,Kananga,1
C03203,46,Male,Matadi,4
C03204,54,Female,Kolwezi,2
C03205,37,Female,Lubumbashi,3
C03206,66,Female,Lubumbashi,3
C03207,38,Male,Kisangani,3
C03208,27,Male,Mbuji-Mayi,1
C03209,22,Female,Kinshasa,1
C03210,53,Male,Kisangani,3
C03211,23,Female,Kisangani,3
C03212,43,Male,Likasi,2
C03213,21,Female,Kananga,2
C03214,56,Male,Matadi,1
C03215,56,Female,Kolwezi,4
C03216,67,Male,Lubumbashi,1
C03217,52,Male,Lubumbashi,1
C03218,18,Female,Lubumbashi,2
C03219,41,Male,Goma,1
C03220,53,Male,Kananga,4
C03221,23,Female,Kinshasa,1
C03222,58,Male,Lubumbashi,1
C03223,63,Male,Likasi,2
C03224,61,Male,Lubumbashi,2
C03225,48,Female,Kinshasa,1
C03226,37,Female,Goma,2
C03227,41,Female,Likasi,2
C03228,42,Female,Kisangani,3
C03229,53,Female,Kinshasa,1
C03230,38,Male,Kisangani,4
C03231,47,Male,Mbuji-Mayi,2
C03232,41,Female,Bukavu,1
C03233,61,Male,Lubumbashi,1
C03234,59,Male,Kinshasa,2
C03235,47,Male,Bukavu,1
C03236,39,Male,Kolwezi,1
C03237,45,Female,Likasi,1
C03238,24,Female,Kananga,2
C03239,52,Male,Mbuji-Mayi,2
C03240,45,Male,Kolwezi,1
C03241,31,Female,Kolwezi,2
C03242,27,Male,Mbuji-Mayi,3
C03243,33,Male,Kisangani,1
C03244,33,Male,Kinshasa,3
C03245,48,Female,Matadi,2
C03246,59,Female,Lubumbashi,4
C03247,42,Male,Likasi,1
C03248,30,Male,Goma,4
C03249,23,Male,Kinshasa,2
C03250,61,Male,Lubumbashi,2
C03251,26,Male,Kinshasa,2
C03252,62,Male,Kolwezi,1
C03253,53,Female,Matadi,4
C03254,60,Female,Goma,2
C03255,37,Male,Kinshasa,1
C03256,35,Female,Lubumbashi,1
C03257,60,Male,Goma,1
C03258,38,Male,Goma,2
C03259,21,Female,Kananga,2
C03260,67,Female,Likasi,2
C03261,50,Male,Kolwezi,1
C03262,44,Male,Kananga,2
C03263,24,Female,Lubumbashi,2
C03264,23,Female,Lubumbashi,1
C03265,32,Male,Kisangani,1
C03266,35,Male,Kinshasa,1
C03267,49,Male,Kinshasa,4
C03268,28,Female,Kisangani,3
C03269,37,Male,Bukavu,4
C03270,41,Female,Mbuji-Mayi,1
C03271,32,Male,Kinshasa,3
C03272,65,Female,Mbuji-Mayi,2
C03273,24,Female,Kinshasa,2
C03274,38,Female,Likasi,1
C03275,59,Female,Bukavu,3
C03276,43,Male,Matadi,4
C03277,61,Female,Bukavu,1
C03278,31,Female,Lubumbashi,1
C03279,54,Female,Kisangani,2
C03280,38,Male,Lubumbashi,4
C03281,35,Male,Matadi,3
C03282,22,Male,Kananga,1
C03283,20,Male,Lubumbashi,2
C03284,40,Male,Lubumbashi,1
C03285,43,Male,Lubumbashi,3
C03286,54,Female,Goma,3
C03287,41,Female,Mbuji-Mayi,2
C03288,66,Female,Bukavu,1
C03289,36,Male,Kananga,4
C03290,68,Female,Bukavu,2
C03291,42,Female,Likasi,4
C03292,38,Male,Mbuji-Mayi,2
C03293,29,Female,Kananga,3
C03294,58,Male,Likasi,3
C03295,50,Female,Kolwezi,1
C03296,67,Male,Goma,4
C03297,21,Male,Lubumbashi,1
C03298,59,Male,Goma,3
C03299,24,Female,Bukavu,4
C03300,39,Female,Kananga,1
C03301,50,Male,Likasi,2
C03302,34,Male,Matadi,2
C03303,41,Female,Likasi,3
C03304,51,Female,Goma,3
C03305,45,Male,Lubumbashi,2
C03306,60,Female,Matadi,3
C03307,58,Female,Bukavu,1
C03308,56,Female,Matadi,1
C03309,39,Male,Mbuji-Mayi,2
C03310,66,Male,Kolwezi,2
C03311,34,Female,Lubumbashi,1
C03312,51,Male,Goma,2
C03313,23,Female,Kananga,1
C03314,63,Female,Kisangani,3
C03315,23,Male,Matadi,1
C03316,51,Male,Kinshasa,2
C03317,18,Male,Kisangani,2
C03318,27,Female,Bukavu,4
C03319,38,Female,Kinshasa,3
C03320,22,Male,Kinshasa,3
C03321,19,Male,Kinshasa,4
C03322,39,Male,Likasi,2
C03323,65,Female,Kisangani,1
C03324,19,Female,Bukavu,3
C03325,27,Female,Goma,3
C03326,51,Male,Kolwezi,2
C03327,33,Male,Bukavu,3
C03328,65,Female,Goma,3
C03329,68,Male,Goma,4
C03330,56,Male,Kinshasa,4
C03331,39,Male,Lubumbashi,1
C03332,29,Male,Kisangani,2
C03333,41,Female,Goma,1
C03334,64,Male,Kisangani,1
C03335,57,Female,Mbuji-Mayi,3
C03336,55,Female,Likasi,1
C03337,27,Male,Kolwezi,2
C03338,52,Female,Mbuji-Mayi,2
C03339,68,Female,Goma,3
C03340,66,Male,Bukavu,1
C03341,49,Female,Kisangani,1
C03342,24,Female,Mbuji-Mayi,2
C03343,38,Female,Kisangani,1
C03344,37,Female,Likasi,4
C03345,43,Female,Bukavu,3
C03346,21,Female,Mbuji-Mayi,2
C03347,63,Female,Kisangani,3
C03348,69,Female,Bukavu,1
C03349,39,Male,Kinshasa,3
C03350,32,Male,Matadi,1
C03351,57,Male,Kinshasa,3
C03352,38,Female,Kolwezi,2
C03353,32,Female,Goma,1
C03354,39,Female,Lubumbashi,1
C03355,69,Male,Matadi,2
C03356,45,Male,Goma,3
C03357,31,Male,Mbuji-Mayi,1
C03358,44,Female,Kolwezi,2
C03359,58,Male,Likasi,3
C03360,57,Male,Kolwezi,2
C03361,45,Female,Kisangani,3
C03362,43,Male,Kolwezi,1
C03363,66,Female,Mbuji-Mayi,2
C03364,19,Male,Likasi,4
C03365,42,Female,Likasi,2
C03366,20,Female,Kananga,2
C03367,25,Female,Kolwezi,3
C03368,61,Female,Kinshasa,1
C03369,50,Female,Kananga,3
C03370,59,Male,Kananga,4
C03371,69,Female,Mbuji-Mayi,1
C03372,52,Female,Matadi,3
C03373,23,Female,Kinshasa,1
C03374,56,Female,Likasi,2
C03375,69,Male,Kolwezi,3
C03376,40,Female,Kananga,3
C03377,42,Male,Goma,3
C03378,67,Female,Goma,4
C03379,60,Female,Kananga,2
C03380,36,Male,Kisangani,2
C03381,22,Male,Kolwezi,1
C03382,68,Male,Mbuji-Mayi,1
C03383,28,Female,Likasi,2
C03384,29,Male,Kananga,3
C03385,27,Female,Kinshasa,2
C03386,25,Male,Kananga,3
C03387,41,Male,Bukavu,3
C03388,45,Female,Likasi,1
C03389,58,Male,Matadi,2
C03390,53,Male,Likasi,2
C03391,54,Female,Kinshasa,2
C03392,38,Female,Bukavu,3
C03393,25,Female,Matadi,2
C03394,26,Male,Lubumbashi,3
C03395,64,Male,Kinshasa,3
C03396,32,Male,Goma,2
C03397,65,Male,Kisangani,3
C03398,63,Male,Likasi,1
C03399,57,Female,Lubumbashi,1
C03400,35,Male,Bukavu,1
C03401,59,Female,Lubumbashi,2
C03402,37,Male,Mbuji-Mayi,1
C03403,23,Female,Kolwezi,4
C03404,29,Male,Likasi,2
C03405,19,Male,Kolwezi,2
C03406,24,Female,Goma,1
C03407,33,Male,Lubumbashi,1
C03408,20,Female,Bukavu,1
C03409,62,Male,Goma,2
C03410,20,Male,Kolwezi,2
C03411,44,Female,Lubumbashi,2
C03412,67,Male,Goma,2
C03413,60,Female,Kinshasa,3
C03414,57,Male,Kananga,1
C03415,55,Male,Kisangani,3
C03416,50,Male,Matadi,2
C03417,45,Male,Kinshasa,2
C03418,18,Male,Goma,1
C03419,25,Male,Bukavu,2
C03420,54,Male,Mbuji-Mayi,1
C03421,49,Female,Kananga,4
C03422,65,Male,Matadi,2
C03423,60,Male,Kinshasa,4
C03424,54,Male,Mbuji-Mayi,2
C03425,21,Female,Mbuji-Mayi,1
C03426,47,Female,Mbuji-Mayi,2
C03427,23,Male,Kananga,1
C03428,63,Male,Lubumbashi,4
C03429,36,Male,Kinshasa,3
C03430,49,Female,Lubumbashi,3
C03431,26,Male,Likasi,2
C03432,29,Female,Kananga,2
C03433,28,Male,Mbuji-Mayi,4
C03434,63,Female,Mbuji-Mayi,1
C03435,33,Female,Kananga,3
C03436,18,Male,Likasi,2
C03437,62,Male,Kisangani,4
C03438,38,Male,Bukavu,3
C03439,47,Male,Kisangani,4
C03440,30,Male,Lubumbashi,2
C03441,51,Male,Kananga,1
C03442,21,Male,Bukavu,2
C03443,45,Female,Kisangani,3
C03444,55,Male,Lubumbashi,3
C03445,48,Male,Goma,1
C03446,44,Female,Kolwezi,2
C03447,22,Male,Bukavu,1
C03448,42,Male,Matadi,3
C03449,20,Male,Bukavu,1
C03450,50,Male,Lubumbashi,2
C03451,21,Female,Mbuji-Mayi,1
C03452,42,Female,Lubumbashi,1
C03453,37,Male,Kinshasa,4
C03454,51,Male,Mbuji-Mayi,1
C03455,43,Female,Lubumbashi,1
C03456,22,Male,Kisangani,1
C03457,52,Female,Kolwezi,2
C03458,45,Female,Lubumbashi,2
C03459,46,Female,Kisangani,1
C03460,26,Male,Matadi,2
C03461,69,Male,Kinshasa,1
C03462,55,Male,Goma,3
C03463,67,Female,Kinshasa,3
C03464,23,Male,Mbuji-Mayi,4
C03465,36,Male,Kolwezi,4
C03466,61,Female,Kinshasa,1
C03467,28,Male,Bukavu,1
C03468,19,Male,Goma,3
C03469,64,Male,Mbuji-Mayi,1
C03470,61,Female,Bukavu,1
C03471,61,Male,Mbuji-Mayi,1
C03472,26,Female,Bukavu,2
C03473,38,Female,Likasi,2
C03474,41,Female,Kolwezi,1
C03475,51,Male,Kisangani,1
C03476,39,Male,Kinshasa,3
C03477,20,Male,Matadi,1
C03478,29,Female,Bukavu,4
C03479,45,Female,Likasi,1
C03480,47,Male,Kolwezi,2
C03481,43,Female,Matadi,2
C03482,65,Male,Kinshasa,1
C03483,38,Male,Likasi,2
C03484,45,Male,Matadi,2
C03485,43,Male,Goma,3
C03486,50,Male,Kananga,3
C03487,38,Male,Mbuji-Mayi,1
C03488,52,Male,Mbuji-Mayi,1
C03489,69,Female,Lubumbashi,1
C03490,51,Male,Goma,1
C03491,58,Female,Kananga,2
C03492,68,Female,Lubumbashi,4
C03493,64,Male,Matadi,2
C03494,35,Female,Lubumbashi,3
C03495,28,Female,Bukavu,2
C03496,40,Female,Goma,3
C03497,65,Male,Likasi,1
C03498,39,Male,Likasi,3
C03499,34,Male,Kananga,3
C03500,22,Male,Kinshasa,1
C03501,61,Male,Likasi,1
C03502,28,Female,Goma,4
C03503,47,Female,Kolwezi,3
C03504,32,Male,Mbuji-Mayi,1
C03505,44,Female,Kolwezi,2
C03506,52,Female,Lubumbashi,2
C03507,50,Female,Kisangani,2
C03508,37,Female,Bukavu,1
C03509,33,Male,Kisangani,1
C03510,51,Male,Goma,2
C03511,19,Male,Kisangani,3
C03512,52,Female,Kolwezi,3
C03513,57,Female,Kinshasa,1
C03514,45,Male,Goma,3
C03515,64,Male,Mbuji-Mayi,1
C03516,56,Female,Kananga,2
C03517,23,Male,Goma,4
C03518,26,Male,Matadi,2
C03519,37,Female,Mbuji-Mayi,1
C03520,18,Female,Goma,1
C03521,25,Male,Matadi,2
C03522,40,Female,Mbuji-Mayi,3
C03523,20,Male,Lubumbashi,4
C03524,21,Female,Likasi,3
C03525,42,Female,Bukavu,3
C03526,64,Male,Likasi,3
C03527,55,Female,Kolwezi,3
C03528,32,Male,Kananga,1
C03529,38,Female,Likasi,4
C03530,52,Male,Goma,1
C03531,63,Female,Lubumbashi,4
C03532,69,Female,Kisangani,1
C03533,31,Male,Kolwezi,3
C03534,53,Female,Likasi,3
C03535,29,Male,Kinshasa,4
C03536,34,Female,Kananga,3
C03537,56,Female,Kisangani,1
C03538,26,Male,Bukavu,2
C03539,52,Female,Goma,1
C03540,30,Female,Lubumbashi,1
C03541,32,Male,Mbuji-Mayi,1
C03542,35,Female,Likasi,1
C03543,68,Male,Kinshasa,2
C03544,50,Male,Kananga,4
C03545,23,Male,Bukavu,4
C03546,44,Female,Likasi,1
C03547,40,Female,Bukavu,1
C03548,44,Male,Kisangani,1
C03549,51,Female,Kisangani,1
C03550,63,Male,Kolwezi,1
C03551,55,Female,Likasi,1
C03552,31,Male,Lubumbashi,2
C03553,53,Male,Kananga,2
C03554,25,Female,Mbuji-Mayi,2
C03555,52,Male,Mbuji-Mayi,1
C03556,36,Male,Goma,3
C03557,47,Female,Goma,3
C03558,31,Male,Kananga,1
C03559,37,Male,Likasi,1
C03560,66,Female,Likasi,1
C03561,42,Male,Kisangani,1
C03562,57,Male,Kinshasa,2
C03563,41,Male,Goma,1
C03564,31,Male,Kinshasa,2
C03565,43,Male,Likasi,1
C03566,55,Male,Goma,3
C03567,40,Male,Mbuji-Mayi,1
C03568,39,Male,Bukavu,2
C03569,65,Female,Goma,1
C03570,36,Male,Likasi,1
C03571,63,Male,Likasi,3
C03572,68,Female,Bukavu,2
C03573,20,Male,Kinshasa,1
C03574,59,Male,Kananga,2
C03575,36,Male,Bukavu,2
C03576,26,Male,Mbuji-Mayi,2
C03577,45,Male,Likasi,2
C03578,37,Male,Lubumbashi,3
C03579,62,Female,Mbuji-Mayi,1
C03580,24,Female,Kinshasa,1
C03581,31,Female,Bukavu,1
C03582,26,Female,Likasi,3
C03583,36,Female,Likasi,4
C03584,64,Male,Bukavu,3
C03585,69,Male,Kananga,3
C03586,31,Male,Bukavu,4
C03587,55,Male,Goma,2
C03588,53,Male,Matadi,3
C03589,57,Female,Kananga,4
C03590,34,Female,Matadi,1
C03591,47,Male,Kinshasa,2
C03592,26,Male,Kisangani,3
C03593,50,Male,Mbuji-Mayi,4
C03594,69,Female,Kolwezi,3
C03595,42,Female,Bukavu,3
C03596,31,Male,Mbuji-Mayi,4
C03597,28,Female,Kolwezi,2
C03598,52,Male,Kinshasa,1
C03599,58,Female,Kinshasa,1
C03600,31,Female,Kisangani,2
C03601,47,Male,Kananga,2
C03602,58,Female,Mbuji-Mayi,2
C03603,21,Female,Mbuji-Mayi,2
C03604,21,Male,Bukavu,4
C03605,45,Female,Kinshasa,1
C03606,25,Male,Kolwezi,3
C03607,19,Female,Lubumbashi,4
C03608,58,Male,Kisangani,2
C03609,63,Male,Kananga,2
C03610,39,Female,Likasi,3
C03611,58,Female,Lubumbashi,3
C03612,33,Male,Goma,1
C03613,46,Female,Matadi,1
C03614,66,Female,Kisangani,1
C03615,65,Female,Kolwezi,1
C03616,47,Male,Lubumbashi,1
C03617,29,Male,Kolwezi,1
C03618,52,Male,Bukavu,2
C03619,28,Female,Kisangani,4
C03620,63,Female,Kinshasa,2
C03621,67,Male,Kananga,4
C03622,38,Male,Kolwezi,3
C03623,38,Female,Mbuji-Mayi,3
C03624,22,Female,Lubumbashi,2
C03625,65,Female,Mbuji-Mayi,1
C03626,37,Female,Kolwezi,3
C03627,54,Male,Lubumbashi,4
C03628,20,Female,Kinshasa,2
C03629,61,Female,Matadi,1
C03630,50,Male,Matadi,3
C03631,26,Male,Bukavu,1
C03632,26,Female,Goma,1
C03633,21,Male,Matadi,3
C03634,52,Female,Goma,2
C03635,34,Female,Lubumbashi,2
C03636,51,Male,Matadi,4
C03637,41,Male,Kolwezi,2
C03638,49,Female,Kinshasa,2
C03639,18,Male,Kolwezi,1
C03640,25,Female,Kolwezi,1
C03641,62,Female,Goma,3
C03642,40,Female,Likasi,2
C03643,64,Male,Likasi,1
C03644,57,Female,Kananga,1
C03645,29,Female,Matadi,2
C03646,29,Female,Kinshasa,2
C03647,63,Male,Kinshasa,2
C03648,64,Female,Mbuji-Mayi,2
C03649,32,Female,Kolwezi,1
C03650,58,Female,Kinshasa,2
C03651,36,Male,Lubumbashi,4
C03652,43,Female,Kisangani,1
C03653,69,Female,Kolwezi,2
C03654,46,Male,Goma,2
C03655,39,Male,Kolwezi,3
C03656,57,Female,Kinshasa,1
C03657,38,Female,Bukavu,4
C03658,68,Female,Lubumbashi,2
C03659,55,Male,Lubumbashi,3
C03660,37,Male,Matadi,1
C03661,46,Female,Likasi,3
C03662,68,Male,Goma,3
C03663,21,Female,Matadi,1
C03664,24,Female,Kananga,1
C03665,45,Male,Kisangani,2
C03666,45,Female,Mbuji-Mayi,1
C03667,21,Male,Lubumbashi,3
C03668,39,Male,Goma,1
C03669,29,Female,Likasi,1
C03670,62,Male,Goma,2
C03671,20,Female,Mbuji-Mayi,1
C03672,39,Male,Mbuji-Mayi,4
C03673,61,Female,Matadi,3
C03674,19,Female,Kolwezi,2
C03675,41,Female,Kananga,3
C03676,51,Male,Kananga,3
C03677,44,Female,Kinshasa,1
C03678,58,Male,Kananga,3
C03679,18,Male,Goma,1
C03680,25,Male,Kananga,2
C03681,40,Male,Likasi,2
C03682,55,Male,Kananga,3
C03683,23,Female,Lubumbashi,1
C03684,39,Male,Kinshasa,1
C03685,42,Female,Goma,2
C03686,35,Female,Mbuji-Mayi,1
C03687,34,Male,Matadi,3
C03688,29,Female,Kisangani,2
C03689,23,Female,Matadi,1
C03690,43,Male,Kolwezi,1
C03691,44,Female,Kisangani,2
C03692,25,Male,Likasi,2
C03693,36,Male,Bukavu,1
C03694,59,Male,Kinshasa,1
C03695,18,Female,Mbuji-Mayi,1
C03696,46,Female,Matadi,1
C03697,62,Female,Kananga,2
C03698,66,Female,Kinshasa,3
C03699,52,Male,Kananga,2
C03700,57,Male,Kinshasa,3
C03701,31,Female,Kinshasa,1
C03702,52,Male,Kolwezi,2
C03703,65,Female,Lubumbashi,2
C03704,62,Male,Likasi,2
C03705,37,Male,Kananga,2
C03706,66,Male,Kananga,3
C03707,30,Male,Kananga,2
C03708,55,Male,Kolwezi,1
C03709,66,Female,Matadi,2
C03710,63,Female,Goma,3
C03711,66,Male,Kananga,4
C03712,25,Female,Matadi,2
C03713,60,Male,Lubumbashi,2
C03714,37,Male,Kananga,2
C03715,50,Male,Likasi,3
C03716,43,Male,Mbuji-Mayi,4
C03717,56,Female,Bukavu,3
C03718,38,Male,Kananga,2
C03719,66,Female,Goma,1
C03720,59,Male,Mbuji-Mayi,3
C03721,60,Male,Likasi,3
C03722,58,Female,Kolwezi,3
C03723,26,Male,Bukavu,1
C03724,41,Male,Kolwezi,2
C03725,54,Female,Goma,1
C03726,66,Female,Bukavu,3
C03727,58,Female,Goma,1
C03728,34,Male,Kolwezi,2
C03729,41,Male,Likasi,1
C03730,38,Female,Bukavu,1
C03731,68,Female,Kisangani,2
C03732,56,Male,Matadi,1
C03733,58,Male,Likasi,2
C03734,56,Female,Bukavu,4
C03735,30,Female,Goma,4
C03736,28,Female,Goma,1
C03737,63,Female,Lubumbashi,3
C03738,36,Male,Likasi,1
C03739,28,Male,Goma,4
C03740,30,Male,Kinshasa,3
C03741,63,Male,Matadi,1
C03742,62,Female,Kolwezi,2
C03743,18,Male,Mbuji-Mayi,1
C03744,57,Female,Lubumbashi,3
C03745,61,Male,Goma,2
C03746,36,Male,Kinshasa,2
C03747,29,Male,Lubumbashi,2
C03748,25,Female,Kinshasa,4
C03749,25,Male,Lubumbashi,4
C03750,62,Female,Goma,2
C03751,29,Female,Kinshasa,3
C03752,65,Male,Bukavu,3
C03753,50,Female,Likasi,3
C03754,62,Male,Mbuji-Mayi,1
C03755,43,Female,Kolwezi,1
C03756,56,Male,Mbuji-Mayi,1
C03757,45,Female,Kolwezi,2
C03758,22,Female,Kisangani,1
C03759,25,Male,Matadi,2
C03760,42,Male,Kisangani,2
C03761,44,Male,Kananga,2
C03762,63,Male,Goma,2
C03763,40,Female,Bukavu,1
C03764,47,Female,Likasi,3
C03765,62,Female,Bukavu,4
C03766,64,Female,Mbuji-Mayi,2
C03767,40,Male,Kolwezi,3
C03768,66,Female,Kisangani,1
C03769,64,Male,Bukavu,3
C03770,37,Female,Kisangani,1
C03771,35,Male,Matadi,2
C03772,35,Male,Matadi,1
C03773,19,Male,Kolwezi,2
C03774,21,Male,Kananga,1
C03775,47,Male,Bukavu,2
C03776,50,Female,Likasi,1
C03777,53,Male,Kisangani,3
C03778,35,Female,Kisangani,2
C03779,54,Female,Matadi,1
C03780,36,Male,Goma,1
C03781,64,Female,Kolwezi,3
C03782,45,Female,Kisangani,1
C03783,57,Female,Matadi,2
C03784,37,Male,Matadi,2
C03785,66,Male,Kinshasa,1
C03786,50,Male,Kisangani,1
C03787,29,Male,Kinshasa,2
C03788,68,Female,Likasi,1
C03789,32,Female,Likasi,1
C03790,58,Female,Matadi,1
C03791,56,Female,Goma,1
C03792,19,Female,Goma,1
C03793,46,Female,Kinshasa,4
C03794,58,Male,Matadi,2
C03795,27,Female,Kinshasa,3
C03796,19,Female,Kolwezi,1
C03797,68,Female,Kinshasa,1
C03798,28,Male,Kananga,3
C03799,30,Female,Kisangani,2
C03800,27,Female,Likasi,1
C03801,31,Male,Lubumbashi,2
C03802,35,Female,Matadi,2
C03803,68,Male,Goma,3
C03804,26,Male,Bukavu,1
C03805,56,Female,Kisangani,2
C03806,45,Female,Lubumbashi,3
C03807,20,Male,Kananga,4
C03808,37,Female,Bukavu,3
C03809,23,Female,Goma,1
C03810,44,Male,Kananga,3
C03811,19,Male,Goma,3
C03812,46,Female,Goma,3
C03813,55,Male,Matadi,3
C03814,20,Female,Bukavu,4
C03815,33,Female,Kolwezi,1
C03816,47,Female,Kinshasa,1
C03817,57,Female,Kinshasa,3
C03818,19,Male,Kisangani,1
C03819,34,Female,Goma,1
C03820,58,Male,Kisangani,2
C03821,29,Female,Bukavu,3
C03822,52,Female,Goma,1
C03823,60,Male,Goma,2
C03824,18,Female,Lubumbashi,1
C03825,62,Male,Likasi,1
C03826,32,Male,Kinshasa,1
C03827,43,Female,Bukavu,1
C03828,54,Female,Kananga,3
C03829,38,Female,Kananga,3
C03830,66,Female,Kolwezi,3
C03831,48,Male,Mbuji-Mayi,1
C03832,42,Female,Bukavu,2
C03833,40,Female,Mbuji-Mayi,1
C03834,41,Female,Lubumbashi,1
C03835,55,Female,Kananga,2
C03836,45,Female,Bukavu,3
C03837,38,Male,Goma,1
C03838,60,Female,Likasi,1
C03839,35,Male,Matadi,4
C03840,53,Female,Likasi,2
C03841,52,Female,Kolwezi,4
C03842,62,Female,Kananga,4
C03843,26,Male,Kisangani,2
C03844,55,Female,Kisangani,1
C03845,47,Male,Matadi,3
C03846,61,Male,Kananga,1
C03847,51,Female,Bukavu,1
C03848,49,Male,Goma,3
C03849,20,Female,Kolwezi,2
C03850,20,Female,Kisangani,1
C03851,45,Male,Matadi,2
C03852,61,Female,Likasi,3
C03853,32,Female,Goma,1
C03854,58,Male,Kisangani,1
C03855,40,Male,Likasi,1
C03856,57,Male,Bukavu,1
C03857,28,Male,Likasi,3
C03858,65,Male,Goma,3
C03859,49,Male,Likasi,2
C03860,53,Female,Bukavu,1
C03861,50,Male,Kolwezi,1
C03862,41,Male,Goma,1
C03863,56,Female,Kolwezi,1
C03864,51,Female,Matadi,1
C03865,45,Male,Kananga,2
C03866,54,Male,Likasi,1
C03867,24,Female,Lubumbashi,3
C03868,21,Male,Kolwezi,3
C03869,54,Male,Bukavu,2
C03870,18,Female,Kisangani,1
C03871,18,Male,Kolwezi,3
C03872,64,Female,Kisangani,4
C03873,37,Male,Likasi,1
C03874,36,Female,Matadi,3
C03875,46,Female,Kinshasa,3
C03876,27,Female,Goma,2
C03877,35,Male,Kisangani,1
C03878,45,Female,Kisangani,2
C03879,52,Male,Goma,2
C03880,60,Female,Kinshasa,2
C03881,64,Female,Likasi,4
C03882,48,Female,Bukavu,3
C03883,44,Male,Kananga,1
C03884,28,Male,Kisangani,2
C03885,66,Female,Kinshasa,2
C03886,66,Male,Kinshasa,1
C03887,55,Male,Matadi,1
C03888,22,Male,Kisangani,4
C03889,25,Female,Kolwezi,2
C03890,51,Male,Likasi,1
C03891,65,Female,Bukavu,1
C03892,69,Female,Kinshasa,2
C03893,29,Female,Matadi,2
C03894,55,Male,Matadi,1
C03895,18,Female,Goma,2
C03896,48,Male,Kisangani,1
C03897,21,Male,Kinshasa,1
C03898,66,Female,Bukavu,2
C03899,62,Female,Kolwezi,1
C03900,67,Female,Lubumbashi,3
C03901,22,Male,Lubumbashi,1
C03902,47,Male,Kolwezi,2
C03903,41,Female,Kinshasa,1
C03904,20,Female,Kisangani,1
C03905,28,Male,Bukavu,3
C03906,62,Male,Goma,2
C03907,21,Female,Kisangani,3
C03908,43,Male,Kananga,2
C03909,44,Male,Kisangani,2
C03910,63,Male,Kisangani,3
C03911,60,Male,Likasi,2
C03912,44,Male,Kinshasa,2
C03913,59,Male,Goma,3
C03914,68,Female,Likasi,4
C03915,67,Male,Kinshasa,1
C03916,23,Female,Mbuji-Mayi,2
C03917,32,Female,Goma,1
C03918,47,Male,Kinshasa,1
C03919,59,Female,Lubumbashi,2
C03920,54,Female,Likasi,3
C03921,54,Female,Mbuji-Mayi,2
C03922,59,Male,Goma,3
C03923,54,Female,Kananga,1
C03924,52,Male,Bukavu,2
C03925,40,Female,Kananga,4
C03926,23,Female,Lubumbashi,1
C03927,21,Female,Lubumbashi,1
C03928,35,Female,Kolwezi,2
C03929,26,Male,Kolwezi,3
C03930,66,Female,Kananga,2
C03931,46,Female,Likasi,2
C03932,30,Male,Kisangani,2
C03933,64,Male,Kinshasa,1
C03934,69,Male,Bukavu,3
C03935,34,Female,Mbuji-Mayi,1
C03936,62,Male,Bukavu,1
C03937,49,Male,Lubumbashi,2
C03938,65,Male,Kolwezi,3
C03939,39,Male,Kisangani,3
C03940,21,Male,Matadi,3
C03941,22,Male,Goma,1
C03942,54,Female,Matadi,1
C03943,58,Male,Matadi,1
C03944,66,Female,Likasi,3
C03945,30,Male,Likasi,3
C03946,51,Male,Kolwezi,4
C03947,62,Male,Matadi,1
C03948,39,Female,Mbuji-Mayi,2
C03949,40,Male,Lubumbashi,2
C03950,68,Male,Matadi,3
C03951,20,Male,Kisangani,2
C03952,59,Male,Goma,3
C03953,51,Female,Kinshasa,1
C03954,49,Female,Kolwezi,1
C03955,62,Female,Kolwezi,1
C03956,68,Female,Kananga,1
C03957,66,Female,Kisangani,1
C03958,38,Male,Likasi,1
C03959,63,Male,Lubumbashi,1
C03960,61,Male,Mbuji-Mayi,2
C03961,38,Female,Kisangani,3
C03962,61,Male,Bukavu,3
C03963,28,Female,Kinshasa,1
C03964,56,Male,Goma,1
C03965,21,Female,Kananga,1
C03966,68,Male,Kisangani,4
C03967,18,Male,Kananga,2
C03968,45,Male,Kinshasa,1
C03969,41,Male,Matadi,3
C03970,52,Female,Kananga,1
C03971,30,Male,Kolwezi,3
C03972,64,Male,Likasi,1
C03973,51,Male,Matadi,1
C03974,28,Female,Kisangani,2
C03975,53,Male,Goma,3
C03976,68,Male,Kolwezi,3
C03977,34,Male,Kinshasa,2
C03978,52,Male,Matadi,1
C03979,35,Male,Kolwezi,2
C03980,57,Female,Likasi,4
C03981,39,Female,Matadi,2
C03982,41,Female,Lubumbashi,3
C03983,36,Male,Lubumbashi,2
C03984,54,Female,Matadi,2
C03985,56,Male,Matadi,2
C03986,38,Male,Lubumbashi,3
C03987,25,Male,Kisangani,3
C03988,45,Male,Kananga,2
C03989,22,Female,Goma,2
C03990,34,Female,Kolwezi,1
C03991,54,Female,Kolwezi,1
C03992,53,Male,Kinshasa,4
C03993,36,Female,Goma,1
C03994,44,Female,Mbuji-Mayi,3
C03995,51,Male,Lubumbashi,3
C03996,28,Female,Mbuji-Mayi,3
C03997,62,Male,Likasi,4
C03998,64,Female,Goma,2
C03999,29,Female,Bukavu,3
C04000,38,Female,Kinshasa,1
C04001,28,Male,Matadi,2
C04002,56,Female,Likasi,3
C04003,45,Female,Kananga,1
C04004,22,Female,Bukavu,3
C04005,34,Female,Goma,3
C04006,37,Male,Goma,3
C04007,58,Male,Mbuji-Mayi,1
C04008,63,Female,Kisangani,2
C04009,29,Female,Mbuji-Mayi,1
C04010,23,Female,Kolwezi,3
C04011,34,Male,Mbuji-Mayi,2
C04012,68,Female,Kisangani,2
C04013,36,Female,Kananga,2
C04014,43,Male,Likasi,1
C04015,65,Male,Lubumbashi,1
C04016,61,Male,Goma,1
C04017,61,Female,Matadi,2
C04018,69,Male,Mbuji-Mayi,3
C04019,49,Male,Bukavu,1
C04020,23,Female,Kananga,1
C04021,53,Male,Kinshasa,2
C04022,55,Female,Goma,3
C04023,28,Female,Kisangani,1
C04024,50,Male,Kolwezi,1
C04025,41,Female,Kisangani,1
C04026,40,Male,Mbuji-Mayi,1
C04027,32,Male,Likasi,1
C04028,44,Male,Kolwezi,1
C04029,28,Female,Bukavu,3
C04030,68,Male,Kisangani,2
C04031,67,Female,Bukavu,1
C04032,34,Female,Kinshasa,2
C04033,68,Female,Bukavu,2
C04034,31,Male,Goma,4
C04035,44,Female,Kananga,1
C04036,35,Female,Kolwezi,3
C04037,45,Male,Goma,3
C04038,68,Male,Matadi,1
C04039,64,Female,Kisangani,4
C04040,64,Female,Kisangani,2
C04041,21,Male,Matadi,2
C04042,24,Female,Bukavu,1
C04043,62,Female,Goma,1
C04044,52,Female,Kolwezi,2
C04045,65,Female,Kolwezi,1
C04046,26,Male,Matadi,2
C04047,25,Female,Kisangani,1
C04048,69,Male,Matadi,2
C04049,62,Female,Kinshasa,2
C04050,34,Male,Kinshasa,1
C04051,34,Female,Kinshasa,2
C04052,66,Male,Lubumbashi,2
C04053,50,Female,Kananga,1
C04054,49,Male,Likasi,1
C04055,25,Female,Mbuji-Mayi,1
C04056,36,Female,Lubumbashi,1
C04057,55,Male,Kolwezi,4
C04058,20,Male,Bukavu,2
C04059,22,Male,Kisangani,1
C04060,30,Male,Bukavu,1
C04061,64,Male,Matadi,1
C04062,63,Female,Kisangani,2
C04063,48,Male,Mbuji-Mayi,1
C04064,33,Male,Mbuji-Mayi,2
C04065,67,Female,Goma,1
C04066,49,Male,Bukavu,3
C04067,39,Male,Likasi,1
C04068,46,Male,Mbuji-Mayi,2
C04069,39,Female,Kananga,3
C04070,60,Male,Goma,2
C04071,20,Female,Likasi,3
C04072,27,Female,Kisangani,2
C04073,59,Male,Bukavu,2
C04074,38,Female,Bukavu,2
C04075,33,Male,Likasi,4
C04076,29,Male,Likasi,2
C04077,19,Male,Mbuji-Mayi,4
C04078,58,Male,Kisangani,1
C04079,41,Male,Goma,2
C04080,52,Female,Kananga,4
C04081,47,Female,Kolwezi,1
C04082,47,Female,Kolwezi,4
C04083,64,Female,Lubumbashi,1
C04084,52,Male,Kananga,4
C04085,36,Male,Kisangani,2
C04086,67,Female,Kisangani,1
C04087,25,Male,Goma,3
C04088,43,Female,Bukavu,1
C04089,66,Female,Lubumbashi,1
C04090,57,Female,Goma,1
C04091,24,Female,Lubumbashi,2
C04092,47,Male,Bukavu,4
C04093,24,Male,Matadi,1
C04094,20,Female,Lubumbashi,2
C04095,18,Female,Goma,1
C04096,53,Female,Matadi,3
C04097,42,Female,Likasi,1
C04098,54,Female,Kananga,1
C04099,18,Male,Mbuji-Mayi,1
C04100,32,Female,Goma,2
C04101,54,Female,Likasi,3
C04102,30,Male,Kolwezi,2
C04103,57,Male,Kolwezi,1
C04104,25,Male,Kisangani,2
C04105,22,Male,Goma,3
C04106,26,Male,Kinshasa,1
C04107,18,Male,Mbuji-Mayi,1
C04108,53,Male,Kinshasa,1
C04109,52,Male,Kananga,3
C04110,19,Male,Kisangani,2
C04111,57,Female,Mbuji-Mayi,2
C04112,40,Male,Matadi,1
C04113,26,Female,Lubumbashi,1
C04114,51,Female,Mbuji-Mayi,4
C04115,63,Female,Bukavu,1
C04116,31,Female,Matadi,4
C04117,21,Female,Lubumbashi,2
C04118,47,Female,Kananga,1
C04119,48,Female,Kolwezi,2
C04120,55,Female,Lubumbashi,4
C04121,28,Male,Bukavu,2
C04122,52,Female,Kisangani,3
C04123,25,Female,Lubumbashi,1
C04124,20,Female,Mbuji-Mayi,2
C04125,31,Female,Mbuji-Mayi,3
C04126,30,Male,Kisangani,4
C04127,62,Female,Mbuji-Mayi,2
C04128,49,Male,Kananga,2
C04129,51,Male,Bukavu,1
C04130,62,Female,Goma,1
C04131,36,Female,Goma,1
C04132,55,Male,Kolwezi,1
C04133,33,Female,Likasi,1
C04134,19,Female,Kananga,1
C04135,57,Male,Likasi,4
C04136,34,Male,Goma,2
C04137,51,Female,Lubumbashi,2
C04138,59,Female,Lubumbashi,4
C04139,33,Female,Lubumbashi,1
C04140,55,Male,Mbuji-Mayi,2
C04141,19,Female,Mbuji-Mayi,2
C04142,19,Male,Kinshasa,1
C04143,43,Male,Lubumbashi,3
C04144,30,Female,Lubumbashi,1
C04145,64,Male,Matadi,1
C04146,48,Female,Kisangani,1
C04147,51,Female,Goma,4
C04148,56,Male,Mbuji-Mayi,2
C04149,20,Female,Bukavu,2
C04150,25,Male,Mbuji-Mayi,2
C04151,40,Male,Bukavu,1
C04152,31,Female,Kinshasa,2
C04153,44,Female,Bukavu,2
C04154,46,Female,Mbuji-Mayi,1
C04155,56,Female,Kolwezi,2
C04156,56,Male,Mbuji-Mayi,1
C04157,18,Male,Kananga,1
C04158,34,Male,Kolwezi,3
C04159,58,Female,Lubumbashi,2
C04160,47,Male,Goma,2
C04161,30,Male,Bukavu,2
C04162,38,Female,Mbuji-Mayi,1
C04163,36,Female,Mbuji-Mayi,2
C04164,36,Female,Bukavu,3
C04165,42,Male,Likasi,2
C04166,39,Female,Goma,4
C04167,48,Male,Matadi,4
C04168,34,Male,Kisangani,2
C04169,40,Male,Lubumbashi,3
C04170,49,Male,Kolwezi,2
C04171,27,Male,Mbuji-Mayi,2
C04172,27,Female,Kinshasa,1
C04173,53,Male,Goma,2
C04174,25,Female,Bukavu,4
C04175,69,Male,Mbuji-Mayi,3
C04176,37,Male,Kolwezi,3
C04177,49,Female,Kinshasa,1
C04178,67,Male,Kisangani,1
C04179,31,Male,Kisangani,1
C04180,67,Female,Kolwezi,1
C04181,45,Female,Goma,2
C04182,63,Male,Kinshasa,1
C04183,69,Male,Bukavu,2
C04184,41,Male,Kinshasa,2
C04185,32,Female,Kananga,1
C04186,39,Male,Bukavu,1
C04187,47,Female,Lubumbashi,3
C04188,21,Female,Matadi,1
C04189,30,Male,Lubumbashi,1
C04190,40,Female,Matadi,3
C04191,25,Male,Lubumbashi,4
C04192,35,Male,Kinshasa,3
C04193,29,Female,Goma,1
C04194,48,Female,Kolwezi,1
C04195,31,Female,Mbuji-Mayi,4
C04196,51,Female,Matadi,3
C04197,35,Female,Mbuji-Mayi,2
C04198,51,Female,Kananga,1
C04199,28,Male,Kananga,1
C04200,58,Male,Mbuji-Mayi,1
C04201,29,Male,Kananga,2
C04202,66,Female,Bukavu,1
C04203,32,Female,Mbuji-Mayi,4
C04204,48,Female,Kananga,1
C04205,66,Male,Matadi,3
C04206,46,Male,Goma,1
C04207,43,Female,Kananga,2
C04208,35,Female,Mbuji-Mayi,1
C04209,49,Female,Matadi,3
C04210,39,Female,Mbuji-Mayi,2
C04211,55,Male,Kisangani,1
C04212,34,Male,Kinshasa,3
C04213,40,Male,Kinshasa,2
C04214,41,Female,Kinshasa,4
C04215,67,Male,Lubumbashi,4
C04216,25,Female,Bukavu,4
C04217,58,Female,Mbuji-Mayi,1
C04218,23,Female,Bukavu,1
C04219,22,Male,Mbuji-Mayi,4
C04220,61,Male,Kisangani,2
C04221,46,Female,Kananga,1
C04222,45,Male,Lubumbashi,3
C04223,28,Female,Goma,1
C04224,18,Female,Mbuji-Mayi,3
C04225,60,Female,Matadi,3
C04226,36,Male,Kananga,3
C04227,26,Male,Kolwezi,1
C04228,44,Female,Kolwezi,2
C04229,51,Male,Goma,2
C04230,61,Male,Matadi,2
C04231,21,Male,Kinshasa,1
C04232,53,Male,Lubumbashi,2
C04233,35,Female,Bukavu,2
C04234,32,Male,Likasi,2
C04235,68,Female,Likasi,3
C04236,30,Female,Lubumbashi,2
C04237,36,Male,Kananga,1
C04238,66,Female,Kisangani,2
C04239,23,Female,Kananga,3
C04240,65,Male,Kolwezi,1
C04241,29,Female,Bukavu,2
C04242,68,Female,Kolwezi,1
C04243,54,Male,Mbuji-Mayi,1
C04244,34,Male,Kolwezi,4
C04245,40,Male,Likasi,4
C04246,43,Male,Likasi,2
C04247,46,Male,Bukavu,3
C04248,50,Female,Kolwezi,3
C04249,44,Female,Lubumbashi,4
C04250,42,Male,Lubumbashi,2
C04251,27,Male,Goma,2
C04252,64,Female,Kisangani,2
C04253,40,Male,Bukavu,1
C04254,38,Male,Kolwezi,2
C04255,38,Female,Bukavu,3
C04256,60,Female,Kananga,3
C04257,30,Female,Kinshasa,3
C04258,54,Male,Matadi,1
C04259,50,Female,Kananga,2
C04260,41,Male,Kananga,1
C04261,61,Female,Kolwezi,1
C04262,28,Male,Kinshasa,4
C04263,34,Male,Lubumbashi,2
C04264,21,Male,Lubumbashi,3
C04265,64,Female,Kananga,1
C04266,42,Female,Kisangani,2
C04267,47,Female,Lubumbashi,2
C04268,26,Male,Mbuji-Mayi,1
C04269,38,Female,Kananga,1
C04270,37,Female,Matadi,1
C04271,36,Male,Kinshasa,2
C04272,36,Male,Goma,4
C04273,29,Female,Likasi,3
C04274,54,Female,Bukavu,4
C04275,59,Female,Kananga,3
C04276,34,Male,Lubumbashi,3
C04277,54,Female,Bukavu,2
C04278,65,Male,Matadi,2
C04279,56,Male,Kolwezi,2
C04280,45,Female,Likasi,3
C04281,58,Female,Kisangani,1
C04282,52,Male,Goma,1
C04283,64,Male,Kolwezi,4
C04284,65,Female,Matadi,1
C04285,35,Female,Lubumbashi,4
C04286,31,Female,Mbuji-Mayi,3
C04287,52,Male,Kinshasa,1
C04288,61,Male,Kolwezi,2
C04289,58,Female,Kolwezi,3
C04290,24,Male,Goma,1
C04291,58,Male,Kinshasa,3
C04292,30,Female,Matadi,3
C04293,35,Male,Bukavu,1
C04294,54,Female,Bukavu,1
C04295,30,Female,Kinshasa,1
C04296,53,Male,Kisangani,1
C04297,48,Male,Kananga,1
C04298,19,Female,Kisangani,3
C04299,33,Male,Kisangani,1
C04300,26,Female,Kolwezi,3
C04301,26,Male,Kolwezi,1
C04302,55,Male,Likasi,2
C04303,28,Male,Lubumbashi,2
C04304,39,Female,Matadi,3
C04305,50,Male,Matadi,2
C04306,53,Female,Likasi,1
C04307,62,Female,Kolwezi,3
C04308,40,Female,Goma,1
C04309,62,Male,Goma,1
C04310,62,Female,Lubumbashi,2
C04311,51,Female,Kinshasa,3
C04312,26,Male,Kolwezi,1
C04313,41,Female,Bukavu,2
C04314,25,Female,Bukavu,2
C04315,24,Male,Kolwezi,4
C04316,53,Female,Mbuji-Mayi,1
C04317,35,Male,Kinshasa,1
C04318,20,Female,Bukavu,2
C04319,45,Female,Kananga,1
C04320,23,Male,Kisangani,3
C04321,61,Female,Kolwezi,2
C04322,61,Female,Mbuji-Mayi,3
C04323,38,Female,Kananga,3
C04324,45,Male,Kisangani,4
C04325,57,Male,Kisangani,2
C04326,18,Male,Lubumbashi,4
C04327,53,Male,Kinshasa,1
C04328,38,Male,Kolwezi,3
C04329,60,Female,Mbuji-Mayi,2
C04330,52,Male,Likasi,3
C04331,30,Male,Lubumbashi,2
C04332,66,Male,Goma,3
C04333,27,Female,Kananga,4
C04334,61,Female,Likasi,3
C04335,64,Male,Kananga,3
C04336,27,Female,Kolwezi,1
C04337,63,Female,Mbuji-Mayi,1
C04338,30,Female,Mbuji-Mayi,4
C04339,54,Female,Kisangani,2
C04340,55,Male,Likasi,2
C04341,41,Male,Mbuji-Mayi,1
C04342,19,Female,Bukavu,1
C04343,39,Female,Kananga,1
C04344,34,Female,Kisangani,2
C04345,53,Female,Kolwezi,1
C04346,31,Male,Mbuji-Mayi,1
C04347,27,Female,Matadi,2
C04348,52,Male,Kolwezi,2
C04349,42,Female,Likasi,1
C04350,20,Male,Bukavu,2
C04351,64,Female,Kinshasa,4
C04352,55,Male,Goma,2
C04353,34,Male,Matadi,3
C04354,29,Male,Kisangani,4
C04355,69,Female,Kananga,1
C04356,41,Male,Likasi,1
C04357,46,Female,Likasi,2
C04358,60,Male,Kinshasa,2
C04359,42,Male,Matadi,2
C04360,53,Female,Kananga,1
C04361,43,Male,Goma,2
C04362,55,Female,Lubumbashi,1
C04363,18,Female,Lubumbashi,4
C04364,37,Female,Likasi,1
C04365,45,Female,Matadi,4
C04366,33,Male,Kinshasa,1
C04367,64,Male,Likasi,1
C04368,34,Female,Lubumbashi,1
C04369,57,Male,Likasi,4
C04370,45,Male,Lubumbashi,1
C04371,29,Female,Matadi,2
C04372,44,Male,Matadi,3
C04373,59,Female,Kinshasa,2
C04374,64,Male,Kisangani,1
C04375,47,Male,Kisangani,4
C04376,58,Female,Likasi,3
C04377,51,Male,Likasi,2
C04378,54,Male,Likasi,2
C04379,23,Female,Kinshasa,4
C04380,24,Male,Kolwezi,4
C04381,49,Female,Likasi,2
C04382,49,Male,Kisangani,3
C04383,42,Female,Kisangani,1
C04384,50,Female,Kananga,1
C04385,24,Female,Matadi,1
C04386,69,Female,Kolwezi,1
C04387,29,Female,Lubumbashi,2
C04388,33,Male,Kisangani,2
C04389,33,Male,Goma,1
C04390,60,Female,Goma,2
C04391,53,Male,Kisangani,1
C04392,30,Female,Goma,4
C04393,24,Male,Mbuji-Mayi,3
C04394,53,Male,Kolwezi,1
C04395,64,Female,Matadi,4
C04396,68,Female,Kisangani,1
C04397,26,Male,Kisangani,2
C04398,49,Male,Lubumbashi,4
C04399,28,Female,Kolwezi,1
C04400,25,Male,Likasi,2
C04401,50,Male,Likasi,1
C04402,40,Female,Bukavu,1
C04403,42,Male,Kananga,2
C04404,25,Female,Mbuji-Mayi,4
C04405,62,Female,Kinshasa,2
C04406,39,Female,Kinshasa,4
C04407,21,Male,Bukavu,4
C04408,57,Male,Matadi,1
C04409,20,Female,Kinshasa,2
C04410,46,Female,Likasi,2
C04411,58,Male,Goma,2
C04412,46,Male,Kananga,1
C04413,51,Male,Kolwezi,4
C04414,51,Female,Likasi,3
C04415,45,Female,Lubumbashi,2
C04416,30,Male,Kolwezi,2
C04417,32,Male,Kinshasa,1
C04418,40,Male,Lubumbashi,2
C04419,61,Female,Kolwezi,4
C04420,43,Female,Kisangani,3
C04421,21,Male,Mbuji-Mayi,1
C04422,43,Male,Likasi,2
C04423,57,Female,Lubumbashi,2
C04424,26,Female,Bukavu,1
C04425,22,Male,Mbuji-Mayi,1
C04426,49,Male,Kolwezi,2
C04427,37,Male,Matadi,2
C04428,67,Female,Bukavu,1
C04429,28,Male,Likasi,1
C04430,32,Female,Kisangani,1
C04431,49,Female,Lubumbashi,1
C04432,45,Male,Goma,2
C04433,39,Male,Lubumbashi,1
C04434,58,Female,Mbuji-Mayi,1
C04435,34,Male,Lubumbashi,3
C04436,43,Female,Mbuji-Mayi,1
C04437,61,Male,Bukavu,2
C04438,24,Male,Lubumbashi,4
C04439,59,Male,Bukavu,2
C04440,43,Male,Kisangani,3
C04441,42,Female,Kisangani,2
C04442,27,Female,Mbuji-Mayi,1
C04443,62,Female,Kolwezi,2
C04444,36,Male,Kisangani,2
C04445,28,Female,Kananga,1
C04446,30,Female,Lubumbashi,2
C04447,25,Female,Kananga,4
C04448,57,Male,Lubumbashi,1
C04449,21,Female,Kinshasa,2
C04450,64,Male,Bukavu,2
C04451,48,Male,Mbuji-Mayi,3
C04452,45,Female,Likasi,3
C04453,28,Male,Likasi,3
C04454,60,Female,Matadi,1
C04455,18,Female,Kolwezi,1
C04456,66,Female,Mbuji-Mayi,1
C04457,64,Female,Kisangani,2
C04458,69,Female,Goma,3
C04459,55,Male,Kolwezi,4
C04460,41,Female,Kolwezi,2
C04461,64,Male,Goma,2
C04462,48,Female,Bukavu,2
C04463,58,Female,Kolwezi,1
C04464,63,Female,Kinshasa,2
C04465,67,Male,Kolwezi,2
C04466,43,Male,Matadi,4
C04467,66,Male,Kananga,1
C04468,67,Male,Likasi,4
C04469,22,Female,Bukavu,2
C04470,37,Female,Mbuji-Mayi,1
C04471,69,Male,Kisangani,1
C04472,58,Male,Kinshasa,1
C04473,28,Male,Bukavu,2
C04474,50,Female,Kananga,1
C04475,67,Male,Matadi,2
C04476,55,Male,Kananga,4
C04477,44,Female,Mbuji-Mayi,2
C04478,51,Male,Goma,3
C04479,32,Female,Kisangani,1
C04480,49,Female,Goma,2
C04481,38,Female,Lubumbashi,1
C04482,63,Female,Matadi,3
C04483,22,Female,Kisangani,1
C04484,23,Male,Mbuji-Mayi,2
C04485,55,Male,Bukavu,2
C04486,39,Female,Likasi,2
C04487,35,Female,Kisangani,3
C04488,31,Male,Bukavu,1
C04489,27,Male,Bukavu,1
C04490,63,Female,Lubumbashi,3
C04491,30,Male,Kinshasa,2
C04492,48,Male,Matadi,2
C04493,47,Female,Matadi,1
C04494,20,Male,Lubumbashi,3
C04495,47,Male,Goma,4
C04496,23,Male,Goma,2
C04497,46,Male,Mbuji-Mayi,3
C04498,25,Female,Kinshasa,2
C04499,61,Male,Bukavu,1
C04500,62,Female,Kolwezi,1
C04501,60,Male,Kolwezi,2
C04502,61,Female,Goma,2
C04503,50,Female,Lubumbashi,3
C04504,34,Male,Kinshasa,2
C04505,65,Female,Kananga,4
C04506,28,Female,Likasi,2
C04507,30,Female,Kinshasa,2
C04508,67,Female,Mbuji-Mayi,1
C04509,28,Female,Bukavu,2
C04510,48,Male,Bukavu,3
C04511,45,Female,Matadi,1
C04512,61,Female,Kisangani,4
C04513,23,Male,Kisangani,4
C04514,58,Male,Matadi,2
C04515,33,Female,Mbuji-Mayi,1
C04516,21,Male,Bukavu,1
C04517,52,Male,Kisangani,1
C04518,65,Male,Kisangani,1
C04519,43,Male,Likasi,2
C04520,29,Male,Kisangani,1
C04521,28,Male,Bukavu,3
C04522,54,Female,Mbuji-Mayi,1
C04523,42,Female,Kananga,1
C04524,35,Male,Goma,2
C04525,36,Male,Kinshasa,4
C04526,40,Female,Lubumbashi,2
C04527,55,Male,Kolwezi,2
C04528,35,Female,Kinshasa,3
C04529,43,Male,Likasi,3
C04530,23,Female,Kisangani,3
C04531,21,Female,Mbuji-Mayi,1
C04532,61,Male,Kananga,3
C04533,68,Male,Kolwezi,1
C04534,46,Male,Matadi,4
C04535,51,Male,Kananga,1
C04536,34,Female,Goma,4
C04537,60,Male,Kisangani,4
C04538,60,Female,Lubumbashi,1
C04539,33,Male,Kolwezi,4
C04540,19,Female,Kisangani,1
C04541,51,Male,Kolwezi,1
C04542,25,Male,Lubumbashi,2
C04543,30,Female,Goma,4
C04544,59,Male,Matadi,2
C04545,25,Male,Bukavu,2
C04546,47,Male,Mbuji-Mayi,2
C04547,49,Male,Kananga,4
C04548,53,Male,Kinshasa,3
C04549,64,Female,Matadi,1
C04550,47,Male,Matadi,1
C04551,18,Female,Likasi,1
C04552,60,Male,Kolwezi,2
C04553,56,Male,Kolwezi,1
C04554,34,Female,Likasi,1
C04555,37,Female,Kananga,3
C04556,41,Female,Kolwezi,1
C04557,67,Female,Bukavu,2
C04558,39,Female,Mbuji-Mayi,1
C04559,46,Male,Kinshasa,1
C04560,39,Female,Kinshasa,1
C04561,61,Female,Lubumbashi,2
C04562,26,Male,Lubumbashi,3
C04563,54,Male,Mbuji-Mayi,1
C04564,27,Female,Kisangani,1
C04565,53,Female,Kisangani,3
C04566,54,Female,Matadi,3
C04567,45,Male,Matadi,3
C04568,45,Female,Likasi,4
C04569,59,Male,Goma,3
C04570,60,Male,Lubumbashi,2
C04571,38,Male,Goma,3
C04572,41,Male,Kolwezi,2
C04573,59,Female,Kinshasa,1
C04574,57,Male,Matadi,1
C04575,19,Male,Kisangani,1
C04576,25,Female,Mbuji-Mayi,1
C04577,65,Male,Lubumbashi,1
C04578,44,Female,Kinshasa,1
C04579,39,Male,Kananga,3
C04580,54,Female,Mbuji-Mayi,4
C04581,44,Male,Goma,2
C04582,46,Male,Bukavu,3
C04583,20,Female,Goma,1
C04584,61,Male,Lubumbashi,4
C04585,30,Male,Mbuji-Mayi,2
C04586,62,Female,Bukavu,1
C04587,27,Male,Kolwezi,1
C04588,53,Male,Kananga,1
C04589,26,Female,Goma,1
C04590,44,Female,Kananga,1
C04591,51,Female,Mbuji-Mayi,1
C04592,68,Female,Kinshasa,1
C04593,18,Female,Mbuji-Mayi,1
C04594,49,Male,Kisangani,4
C04595,42,Female,Bukavu,1
C04596,46,Male,Kinshasa,1
C04597,24,Female,Goma,2
C04598,66,Male,Kolwezi,3
C04599,20,Male,Kananga,1
C04600,37,Female,Mbuji-Mayi,3
C04601,37,Male,Likasi,1
C04602,47,Male,Lubumbashi,1
C04603,52,Female,Goma,1
C04604,52,Female,Lubumbashi,2
C04605,66,Female,Kinshasa,1
C04606,56,Female,Kisangani,2
C04607,44,Male,Goma,1
C04608,43,Male,Kisangani,3
C04609,31,Male,Kisangani,1
C04610,34,Male,Kolwezi,2
C04611,35,Male,Kinshasa,2
C04612,62,Male,Mbuji-Mayi,2
C04613,69,Female,Likasi,1
C04614,46,Male,Bukavu,3
C04615,37,Male,Kisangani,3
C04616,44,Male,Kinshasa,1
C04617,35,Female,Kolwezi,4
C04618,21,Female,Goma,2
C04619,18,Female,Matadi,2
C04620,67,Female,Matadi,1
C04621,18,Male,Likasi,2
C04622,43,Male,Kolwezi,1
C04623,62,Male,Kinshasa,2
C04624,37,Female,Kolwezi,2
C04625,69,Male,Bukavu,3
C04626,40,Male,Bukavu,1
C04627,27,Male,Mbuji-Mayi,3
C04628,28,Female,Matadi,1
C04629,58,Female,Matadi,2
C04630,58,Female,Bukavu,3
C04631,22,Male,Kolwezi,2
C04632,18,Male,Likasi,1
C04633,34,Male,Likasi,1
C04634,39,Male,Kisangani,1
C04635,51,Female,Goma,2
C04636,62,Male,Matadi,1
C04637,58,Female,Bukavu,3
C04638,46,Male,Kolwezi,2
C04639,21,Female,Kinshasa,1
C04640,22,Male,Goma,1
C04641,28,Male,Likasi,1
C04642,68,Female,Lubumbashi,1
C04643,38,Female,Lubumbashi,2
C04644,52,Male,Kolwezi,2
C04645,29,Male,Kananga,3
C04646,43,Male,Kananga,1
C04647,68,Female,Matadi,4
C04648,36,Male,Kinshasa,1
C04649,62,Female,Kisangani,1
C04650,24,Male,Kolwezi,2
C04651,64,Male,Lubumbashi,3
C04652,24,Male,Lubumbashi,1
C04653,43,Male,Kinshasa,3
C04654,57,Female,Matadi,3
C04655,22,Female,Kananga,3
C04656,38,Male,Mbuji-Mayi,1
C04657,31,Male,Matadi,3
C04658,21,Male,Matadi,3
C04659,40,Female,Likasi,2
C04660,59,Male,Kisangani,3
C04661,37,Female,Kisangani,4
C04662,32,Female,Lubumbashi,2
C04663,67,Female,Kisangani,1
C04664,69,Female,Lubumbashi,2
C04665,62,Male,Matadi,1
C04666,46,Male,Kinshasa,1
C04667,25,Female,Mbuji-Mayi,2
C04668,58,Male,Kinshasa,1
C04669,65,Male,Matadi,2
C04670,36,Male,Bukavu,3
C04671,65,Female,Kolwezi,2
C04672,56,Male,Kananga,4
C04673,63,Male,Kolwezi,1
C04674,45,Male,Mbuji-Mayi,3
C04675,63,Male,Kisangani,3
C04676,44,Male,Kolwezi,1
C04677,21,Male,Kisangani,1
C04678,32,Male,Matadi,1
C04679,52,Male,Mbuji-Mayi,3
C04680,54,Male,Likasi,3
C04681,18,Male,Kananga,1
C04682,20,Female,Kananga,2
C04683,64,Male,Bukavu,1
C04684,41,Female,Likasi,2
C04685,44,Male,Lubumbashi,4
C04686,57,Female,Kananga,1
C04687,53,Female,Goma,4
C04688,51,Male,Lubumbashi,3
C04689,46,Female,Kananga,4
C04690,41,Female,Matadi,1
C04691,41,Female,Mbuji-Mayi,1
C04692,59,Male,Mbuji-Mayi,1
C04693,21,Female,Goma,3
C04694,20,Female,Matadi,2
C04695,51,Male,Goma,1
C04696,66,Female,Kisangani,3
C04697,40,Female,Kinshasa,1
C04698,69,Female,Kananga,1
C04699,40,Male,Matadi,2
C04700,62,Female,Kinshasa,1
C04701,22,Male,Kinshasa,1
C04702,48,Female,Mbuji-Mayi,1
C04703,58,Female,Mbuji-Mayi,3
C04704,23,Female,Likasi,3
C04705,54,Female,Kisangani,2
C04706,27,Male,Matadi,3
C04707,57,Female,Bukavu,2
C04708,24,Male,Matadi,1
C04709,56,Female,Kisangani,3
C04710,55,Male,Mbuji-Mayi,2
C04711,38,Female,Mbuji-Mayi,2
C04712,37,Female,Kananga,2
C04713,20,Male,Kolwezi,2
C04714,68,Male,Mbuji-Mayi,1
C04715,39,Male,Goma,3
C04716,64,Male,Kananga,1
C04717,21,Female,Lubumbashi,3
C04718,45,Male,Kolwezi,1
C04719,29,Male,Kolwezi,1
C04720,55,Male,Goma,2
C04721,68,Female,Kolwezi,1
C04722,53,Female,Bukavu,3
C04723,64,Female,Mbuji-Mayi,2
C04724,58,Female,Mbuji-Mayi,2
C04725,22,Male,Kananga,1
C04726,30,Female,Kisangani,1
C04727,40,Male,Goma,1
C04728,67,Female,Mbuji-Mayi,2
C04729,47,Male,Kinshasa,2
C04730,54,Male,Likasi,2
C04731,42,Male,Mbuji-Mayi,4
C04732,65,Male,Matadi,2
C04733,44,Male,Kinshasa,4
C04734,68,Female,Kisangani,1
C04735,31,Male,Kinshasa,1
C04736,65,Male,Kolwezi,1
C04737,64,Male,Likasi,1
C04738,53,Male,Lubumbashi,2
C04739,56,Female,Likasi,2
C04740,33,Female,Mbuji-Mayi,2
C04741,39,Male,Kananga,3
C04742,38,Male,Bukavu,4
C04743,38,Male,Kisangani,3
C04744,25,Male,Kananga,1
C04745,66,Female,Mbuji-Mayi,1
C04746,33,Female,Kananga,1
C04747,48,Male,Matadi,1
C04748,59,Male,Kinshasa,2
C04749,27,Male,Bukavu,2
C04750,49,Male,Mbuji-Mayi,1
C04751,51,Male,Kolwezi,3
C04752,26,Female,Kisangani,3
C04753,34,Female,Kolwezi,1
C04754,28,Male,Kinshasa,1
C04755,49,Female,Bukavu,3
C04756,27,Female,Kinshasa,2
C04757,39,Female,Goma,1
C04758,34,Male,Kolwezi,1
C04759,21,Female,Kinshasa,1
C04760,65,Female,Kinshasa,1
C04761,69,Male,Kananga,3
C04762,64,Female,Mbuji-Mayi,1
C04763,42,Male,Kananga,1
C04764,38,Female,Goma,1
C04765,54,Male,Likasi,3
C04766,55,Male,Likasi,1
C04767,66,Female,Kananga,1
C04768,18,Female,Lubumbashi,2
C04769,42,Male,Kolwezi,2
C04770,68,Male,Kananga,1
C04771,53,Female,Matadi,1
C04772,34,Female,Matadi,3
C04773,58,Female,Kisangani,4
C04774,41,Female,Goma,1
C04775,19,Male,Goma,1
C04776,57,Male,Kananga,1
C04777,32,Male,Bukavu,3
C04778,49,Female,Kinshasa,2
C04779,56,Female,Mbuji-Mayi,3
C04780,23,Male,Kinshasa,2
C04781,18,Male,Kinshasa,4
C04782,64,Male,Goma,3
C04783,40,Male,Goma,3
C04784,56,Male,Matadi,2
C04785,34,Male,Goma,1
C04786,51,Female,Kananga,2
C04787,58,Male,Matadi,2
C04788,46,Male,Kolwezi,2
C04789,26,Male,Kinshasa,1
C04790,30,Male,Kolwezi,2
C04791,23,Male,Kinshasa,2
C04792,23,Male,Kinshasa,2
C04793,37,Male,Kisangani,1
C04794,69,Female,Kinshasa,2
C04795,20,Male,Bukavu,1
C04796,34,Female,Kolwezi,3
C04797,66,Female,Kinshasa,2
C04798,29,Female,Lubumbashi,1
C04799,65,Male,Lubumbashi,1
C04800,64,Male,Lubumbashi,2
C04801,62,Male,Kananga,1
C04802,18,Male,Matadi,4
C04803,34,Male,Kolwezi,2
C04804,20,Male,Kinshasa,1
C04805,43,Male,Likasi,2
C04806,32,Male,Matadi,1
C04807,53,Male,Likasi,3
C04808,49,Male,Mbuji-Mayi,1
C04809,49,Female,Bukavu,4
C04810,21,Male,Mbuji-Mayi,2
C04811,35,Male,Goma,3
C04812,66,Male,Matadi,1
C04813,36,Female,Likasi,1
C04814,60,Male,Kisangani,3
C04815,69,Male,Kinshasa,2
C04816,52,Female,Kananga,1
C04817,57,Male,Kolwezi,1
C04818,31,Female,Kinshasa,1
C04819,50,Female,Kolwezi,2
C04820,31,Female,Kisangani,1
C04821,51,Female,Kinshasa,1
C04822,21,Male,Bukavu,1
C04823,41,Female,Goma,2
C04824,46,Female,Lubumbashi,1
C04825,36,Male,Kisangani,4
C04826,23,Male,Goma,1
C04827,50,Male,Kinshasa,4
C04828,66,Female,Likasi,2
C04829,57,Male,Goma,1
C04830,36,Female,Kananga,1
C04831,18,Female,Goma,2
C04832,22,Male,Mbuji-Mayi,2
C04833,44,Male,Bukavu,2
C04834,33,Male,Kisangani,1
C04835,23,Male,Lubumbashi,4
C04836,57,Male,Kinshasa,4
C04837,30,Male,Kisangani,2
C04838,65,Female,Matadi,2
C04839,52,Female,Kisangani,2
C04840,36,Male,Kananga,1
C04841,29,Female,Kisangani,1
C04842,33,Female,Matadi,2
C04843,60,Female,Goma,3
C04844,27,Female,Mbuji-Mayi,1
C04845,42,Female,Goma,2
C04846,37,Female,Goma,3
C04847,48,Male,Matadi,1
C04848,21,Male,Kolwezi,1
C04849,61,Male,Lubumbashi,3
C04850,40,Female,Matadi,1
C04851,19,Male,Goma,1
C04852,39,Male,Kisangani,1
C04853,68,Male,Lubumbashi,1
C04854,54,Female,Kinshasa,3
C04855,25,Male,Likasi,2
C04856,24,Female,Kinshasa,2
C04857,31,Male,Kananga,2
C04858,20,Male,Goma,4
C04859,67,Male,Kisangani,1
C04860,33,Female,Kolwezi,1
C04861,36,Female,Mbuji-Mayi,4
C04862,68,Female,Mbuji-Mayi,4
C04863,35,Female,Lubumbashi,1
C04864,69,Female,Kolwezi,1
C04865,33,Male,Likasi,2
C04866,25,Male,Kinshasa,1
C04867,50,Female,Likasi,2
C04868,66,Female,Bukavu,1
C04869,29,Male,Kinshasa,1
C04870,28,Female,Kinshasa,2
C04871,22,Male,Kinshasa,4
C04872,44,Female,Kisangani,2
C04873,29,Male,Matadi,1
C04874,34,Female,Kisangani,4
C04875,23,Female,Mbuji-Mayi,2
C04876,50,Male,Kisangani,1
C04877,22,Male,Likasi,1
C04878,45,Female,Kisangani,1
C04879,31,Female,Matadi,2
C04880,22,Male,Lubumbashi,2
C04881,50,Female,Kolwezi,1
C04882,67,Male,Lubumbashi,1
C04883,65,Male,Bukavu,1
C04884,58,Female,Mbuji-Mayi,2
C04885,36,Male,Bukavu,1
C04886,39,Male,Bukavu,1
C04887,22,Female,Kolwezi,4
C04888,19,Male,Kolwezi,2
C04889,47,Male,Matadi,1
C04890,64,Male,Matadi,2
C04891,56,Male,Lubumbashi,1
C04892,21,Female,Matadi,3
C04893,50,Male,Matadi,3
C04894,30,Female,Kananga,2
C04895,37,Male,Goma,3
C04896,24,Female,Lubumbashi,1
C04897,32,Male,Kolwezi,3
C04898,40,Female,Lubumbashi,1
C04899,31,Male,Kolwezi,1
C04900,40,Male,Kisangani,4
C04901,36,Male,Goma,2
C04902,46,Male,Kananga,4
C04903,37,Female,Kananga,1
C04904,46,Female,Likasi,2
C04905,41,Male,Mbuji-Mayi,1
C04906,35,Female,Kolwezi,2
C04907,27,Male,Mbuji-Mayi,1
C04908,58,Male,Kisangani,1
C04909,25,Female,Kananga,1
C04910,43,Female,Kisangani,3
C04911,46,Female,Bukavu,1
C04912,27,Male,Goma,3
C04913,34,Male,Likasi,1
C04914,19,Female,Kisangani,1
C04915,23,Male,Likasi,1
C04916,22,Female,Goma,4
C04917,45,Female,Lubumbashi,1
C04918,58,Female,Kisangani,1
C04919,22,Female,Matadi,3
C04920,35,Female,Kinshasa,1
C04921,43,Female,Kananga,3
C04922,37,Male,Kananga,1
C04923,58,Male,Kananga,2
C04924,66,Female,Lubumbashi,1
C04925,44,Female,Kinshasa,2
C04926,66,Female,Goma,3
C04927,29,Male,Lubumbashi,3
C04928,24,Female,Kananga,2
C04929,20,Female,Kananga,4
C04930,27,Female,Mbuji-Mayi,1
C04931,51,Male,Likasi,1
C04932,42,Female,Likasi,2
C04933,52,Male,Mbuji-Mayi,2
C04934,33,Male,Bukavu,1
C04935,19,Female,Mbuji-Mayi,2
C04936,41,Male,Likasi,1
C04937,27,Male,Kananga,3
C04938,55,Male,Matadi,3
C04939,39,Female,Likasi,2
C04940,43,Male,Kinshasa,1
C04941,60,Female,Matadi,2
C04942,56,Female,Lubumbashi,3
C04943,44,Female,Likasi,1
C04944,46,Male,Goma,2
C04945,64,Female,Kisangani,4
C04946,55,Male,Kisangani,1
C04947,37,Male,Kinshasa,1
C04948,44,Male,Kolwezi,1
C04949,58,Male,Kisangani,2
C04950,37,Female,Kinshasa,4
C04951,61,Female,Kolwezi,2
C04952,36,Male,Lubumbashi,1
C04953,37,Female,Kolwezi,2
C04954,52,Female,Goma,2
C04955,64,Female,Likasi,2
C04956,19,Male,Kisangani,1
C04957,47,Female,Kananga,2
C04958,51,Male,Mbuji-Mayi,2
C04959,39,Female,Likasi,1
C04960,20,Male,Lubumbashi,2
C04961,23,Male,Lubumbashi,4
C04962,32,Male,Kinshasa,1
C04963,44,Female,Bukavu,4
C04964,27,Male,Kolwezi,1
C04965,26,Female,Kolwezi,3
C04966,50,Male,Kinshasa,1
C04967,49,Female,Mbuji-Mayi,1
C04968,65,Male,Kananga,2
C04969,23,Female,Lubumbashi,2
C04970,58,Male,Likasi,3
C04971,53,Male,Mbuji-Mayi,2
C04972,19,Male,Kananga,2
C04973,46,Female,Bukavu,4
C04974,21,Male,Likasi,2
C04975,18,Male,Kinshasa,1
C04976,36,Male,Likasi,1
C04977,43,Male,Goma,1
C04978,42,Female,Bukavu,3
C04979,27,Male,Kinshasa,1
C04980,32,Male,Kinshasa,1
C04981,39,Female,Kinshasa,1
C04982,68,Female,Kisangani,2
C04983,65,Female,Mbuji-Mayi,1
C04984,38,Male,Kananga,1
C04985,39,Female,Kolwezi,2
C04986,53,Female,Lubumbashi,3
C04987,51,Female,Lubumbashi,1
C04988,47,Male,Goma,2
C04989,42,Male,Goma,1
C04990,62,Male,Goma,4
C04991,45,Female,Matadi,1
C04992,18,Male,Goma,4
C04993,66,Female,Lubumbashi,4
C04994,62,Female,Bukavu,3
C04995,21,Female,Kananga,1
C04996,24,Male,Goma,2
C04997,66,Female,Bukavu,1
C04998,26,Female,Matadi,3
C04999,53,Male,Matadi,3
C05000,36,Female,Kolwezi,4
C05001,18,Female,Kisangani,2
C05002,27,Female,Kisangani,2
C05003,53,Male,Likasi,2
C05004,26,Female,Kisangani,1
C05005,62,Male,Likasi,2
C05006,63,Male,Mbuji-Mayi,2
C05007,59,Female,Kisangani,4
C05008,49,Female,Matadi,2
C05009,49,Female,Kolwezi,3
C05010,23,Female,Bukavu,3
C05011,65,Male,Goma,2
C05012,55,Male,Kisangani,1
C05013,34,Female,Likasi,2
C05014,27,Male,Bukavu,2
C05015,67,Female,Kinshasa,1
C05016,44,Female,Lubumbashi,1
C05017,67,Female,Kisangani,4
C05018,52,Female,Lubumbashi,1
C05019,69,Male,Kisangani,2
C05020,38,Male,Kinshasa,3
C05021,42,Female,Goma,2
C05022,45,Female,Mbuji-Mayi,2
C05023,64,Male,Kananga,3
C05024,32,Male,Bukavu,2
C05025,21,Male,Bukavu,1
C05026,46,Female,Goma,4
C05027,26,Male,Kolwezi,2
C05028,44,Female,Matadi,2
C05029,43,Female,Kisangani,2
C05030,36,Male,Kananga,1
C05031,45,Female,Kolwezi,4
C05032,34,Male,Kananga,3
C05033,60,Female,Matadi,1
C05034,58,Female,Lubumbashi,4
C05035,59,Female,Kisangani,3
C05036,67,Female,Matadi,2
C05037,37,Female,Bukavu,2
C05038,62,Female,Bukavu,1
C05039,57,Male,Kisangani,2
C05040,56,Male,Mbuji-Mayi,1
C05041,66,Female,Goma,2
C05042,40,Male,Goma,2
C05043,64,Female,Bukavu,3
C05044,49,Male,Bukavu,3
C05045,69,Male,Matadi,1
C05046,64,Female,Kinshasa,3
C05047,50,Male,Likasi,2
C05048,63,Female,Mbuji-Mayi,2
C05049,22,Male,Kolwezi,1
C05050,60,Female,Likasi,3
C05051,65,Male,Matadi,4
C05052,51,Female,Likasi,3
C05053,57,Male,Likasi,4
C05054,28,Female,Matadi,1
C05055,67,Male,Bukavu,3
C05056,20,Female,Bukavu,2
C05057,50,Male,Kisangani,1
C05058,28,Female,Likasi,2
C05059,33,Male,Kolwezi,2
C05060,35,Female,Matadi,1
C05061,47,Female,Kolwezi,1
C05062,65,Female,Kananga,1
C05063,27,Female,Goma,1
C05064,35,Male,Kisangani,1
C05065,55,Male,Goma,1
C05066,36,Male,Kisangani,1
C05067,53,Female,Mbuji-Mayi,4
C05068,30,Female,Matadi,3
C05069,63,Female,Goma,1
C05070,20,Female,Kolwezi,4
C05071,27,Female,Matadi,2
C05072,55,Male,Kolwezi,2
C05073,18,Male,Likasi,2
C05074,44,Male,Goma,2
C05075,63,Female,Likasi,1
C05076,25,Female,Bukavu,1
C05077,68,Female,Kananga,2
C05078,63,Female,Mbuji-Mayi,2
C05079,59,Female,Mbuji-Mayi,3
C05080,34,Female,Goma,1
C05081,26,Female,Lubumbashi,3
C05082,23,Male,Kananga,2
C05083,60,Male,Kinshasa,4
C05084,42,Female,Kisangani,1
C05085,56,Female,Mbuji-Mayi,4
C05086,66,Female,Matadi,3
C05087,45,Male,Bukavu,2
C05088,50,Male,Likasi,2
C05089,54,Female,Kinshasa,1
C05090,26,Male,Matadi,4
C05091,35,Male,Goma,1
C05092,38,Male,Kananga,2
C05093,19,Female,Mbuji-Mayi,1
C05094,60,Male,Kisangani,2
C05095,55,Male,Kinshasa,2
C05096,57,Female,Mbuji-Mayi,4
C05097,53,Female,Lubumbashi,2
C05098,67,Male,Lubumbashi,4
C05099,60,Female,Lubumbashi,2
C05100,54,Male,Bukavu,1
C05101,32,Male,Likasi,1
C05102,45,Female,Goma,3
C05103,35,Female,Matadi,1
C05104,51,Male,Mbuji-Mayi,2
C05105,39,Female,Matadi,1
C05106,28,Female,Matadi,2
C05107,30,Male,Mbuji-Mayi,3
C05108,21,Male,Likasi,2
C05109,39,Male,Bukavu,1
C05110,24,Male,Bukavu,1
C05111,60,Male,Kananga,1
C05112,41,Male,Goma,1
C05113,21,Female,Kananga,2
C05114,45,Female,Likasi,2
C05115,32,Male,Matadi,1
C05116,18,Female,Goma,2
C05117,20,Female,Kananga,2
C05118,31,Male,Kananga,1
C05119,55,Female,Lubumbashi,2
C05120,67,Female,Bukavu,1
C05121,18,Male,Kolwezi,2
C05122,55,Female,Kananga,3
C05123,55,Female,Kinshasa,1
C05124,38,Male,Lubumbashi,2
C05125,65,Female,Matadi,2
C05126,46,Female,Kisangani,1
C05127,22,Female,Bukavu,3
C05128,66,Male,Likasi,2
C05129,27,Male,Mbuji-Mayi,2
C05130,45,Female,Likasi,2
C05131,38,Female,Lubumbashi,3
C05132,67,Male,Kinshasa,4
C05133,24,Male,Likasi,2
C05134,20,Female,Kinshasa,3
C05135,62,Male,Mbuji-Mayi,1
C05136,64,Female,Kisangani,2
C05137,37,Female,Bukavu,1
C05138,36,Male,Bukavu,1
C05139,52,Male,Kolwezi,2
C05140,21,Female,Kinshasa,3
C05141,22,Female,Mbuji-Mayi,2
C05142,18,Male,Kananga,2
C05143,21,Female,Kananga,2
C05144,29,Male,Matadi,2
C05145,44,Male,Kinshasa,1
C05146,59,Male,Goma,1
C05147,40,Male,Likasi,1
C05148,42,Male,Matadi,2
C05149,38,Female,Matadi,1
C05150,69,Male,Matadi,1
C05151,41,Male,Mbuji-Mayi,2
C05152,42,Male,Bukavu,2
C05153,62,Male,Matadi,2
C05154,63,Male,Bukavu,1
C05155,49,Male,Bukavu,2
C05156,49,Male,Kinshasa,3
C05157,22,Female,Mbuji-Mayi,3
C05158,53,Female,Bukavu,3
C05159,63,Female,Matadi,1
C05160,59,Female,Mbuji-Mayi,2
C05161,66,Male,Matadi,1
C05162,59,Female,Lubumbashi,1
C05163,56,Male,Likasi,1
C05164,33,Female,Lubumbashi,3
C05165,50,Female,Lubumbashi,2
C05166,66,Male,Kinshasa,2
C05167,38,Male,Goma,2
C05168,26,Female,Likasi,1
C05169,23,Female,Kinshasa,2
C05170,68,Female,Matadi,2
C05171,62,Female,Kinshasa,2
C05172,52,Male,Matadi,3
C05173,56,Female,Goma,1
C05174,39,Female,Bukavu,3
C05175,58,Female,Kinshasa,2
C05176,22,Female,Kolwezi,2
C05177,59,Female,Bukavu,2
C05178,40,Male,Kisangani,4
C05179,34,Male,Kinshasa,1
C05180,29,Male,Matadi,2
C05181,40,Male,Likasi,2
C05182,33,Male,Kinshasa,1
C05183,20,Female,Matadi,1
C05184,47,Male,Goma,3
C05185,39,Male,Lubumbashi,1
C05186,26,Female,Kinshasa,1
C05187,46,Male,Kananga,4
C05188,64,Male,Kisangani,3
C05189,54,Male,Kananga,1
C05190,40,Male,Bukavu,2
C05191,30,Female,Bukavu,2
C05192,49,Female,Lubumbashi,3
C05193,63,Male,Lubumbashi,3
C05194,69,Female,Bukavu,3
C05195,64,Male,Kinshasa,1
C05196,65,Female,Mbuji-Mayi,2
C05197,40,Female,Kinshasa,1
C05198,62,Female,Kisangani,1
C05199,34,Female,Bukavu,3
C05200,57,Female,Kananga,1
C05201,38,Female,Lubumbashi,2
C05202,19,Female,Kananga,3
C05203,54,Female,Bukavu,1
C05204,23,Female,Goma,1
C05205,61,Female,Bukavu,3
C05206,35,Female,Kolwezi,4
C05207,47,Male,Kisangani,3
C05208,39,Female,Kolwezi,2
C05209,50,Male,Likasi,1
C05210,47,Female,Kananga,1
C05211,34,Male,Goma,2
C05212,60,Male,Kisangani,1
C05213,49,Male,Matadi,3
C05214,59,Female,Likasi,2
C05215,68,Female,Mbuji-Mayi,2
C05216,31,Female,Kolwezi,3
C05217,27,Female,Kisangani,3
C05218,64,Male,Kisangani,2
C05219,68,Female,Kolwezi,4
C05220,53,Female,Likasi,4
C05221,51,Female,Goma,4
C05222,26,Female,Goma,3
C05223,59,Female,Lubumbashi,3
C05224,45,Female,Kinshasa,2
C05225,28,Female,Likasi,1
C05226,31,Female,Kananga,1
C05227,56,Male,Kananga,1
C05228,64,Male,Likasi,1
C05229,36,Female,Kolwezi,2
C05230,32,Female,Kananga,1
C05231,45,Female,Kananga,4
C05232,41,Female,Kinshasa,3
C05233,25,Male,Kisangani,1
C05234,60,Male,Kisangani,1
C05235,26,Female,Likasi,3
C05236,64,Male,Bukavu,3
C05237,50,Male,Kisangani,4
C05238,50,Female,Kolwezi,4
C05239,36,Female,Matadi,4
C05240,20,Female,Bukavu,2
C05241,27,Male,Kinshasa,1
C05242,57,Male,Kolwezi,3
C05243,64,Female,Goma,1
C05244,59,Female,Kinshasa,3
C05245,18,Male,Lubumbashi,2
C05246,46,Male,Kananga,3
C05247,67,Female,Mbuji-Mayi,1
C05248,51,Male,Goma,2
C05249,68,Female,Bukavu,2
C05250,30,Female,Kolwezi,4
C05251,18,Male,Goma,1
C05252,51,Male,Lubumbashi,4
C05253,46,Male,Kolwezi,3
C05254,65,Female,Mbuji-Mayi,3
C05255,64,Female,Bukavu,3
C05256,30,Female,Kinshasa,2
C05257,65,Female,Likasi,1
C05258,66,Female,Goma,1
C05259,46,Female,Mbuji-Mayi,3
C05260,56,Male,Lubumbashi,3
C05261,41,Female,Goma,1
C05262,43,Female,Matadi,2
C05263,34,Female,Matadi,2
C05264,24,Female,Bukavu,1
C05265,30,Male,Kinshasa,2
C05266,22,Female,Bukavu,1
C05267,43,Male,Bukavu,1
C05268,66,Male,Kananga,2
C05269,20,Female,Kinshasa,2
C05270,24,Female,Kananga,1
C05271,66,Male,Kolwezi,2
C05272,56,Male,Mbuji-Mayi,1
C05273,18,Female,Mbuji-Mayi,1
C05274,66,Male,Kinshasa,1
C05275,34,Female,Kinshasa,1
C05276,60,Female,Kolwezi,1
C05277,42,Male,Mbuji-Mayi,3
C05278,20,Female,Kolwezi,2
C05279,32,Female,Likasi,1
C05280,46,Female,Lubumbashi,1
C05281,60,Male,Matadi,1
C05282,49,Male,Likasi,3
C05283,43,Male,Bukavu,1
C05284,33,Female,Goma,1
C05285,42,Male,Kananga,2
C05286,45,Male,Kisangani,2
C05287,26,Male,Goma,1
C05288,18,Female,Kinshasa,2
C05289,46,Female,Lubumbashi,1
C05290,39,Male,Likasi,1
C05291,33,Male,Kisangani,2
C05292,58,Male,Kisangani,3
C05293,68,Female,Kinshasa,2
C05294,61,Male,Likasi,1
C05295,68,Female,Kisangani,2
C05296,58,Female,Likasi,1
C05297,24,Female,Kananga,3
C05298,31,Male,Kananga,2
C05299,46,Male,Kisangani,1
C05300,36,Female,Kisangani,2
C05301,36,Female,Kinshasa,2
C05302,19,Female,Likasi,1
C05303,58,Female,Mbuji-Mayi,3
C05304,62,Male,Kolwezi,3
C05305,32,Male,Kolwezi,1
C05306,20,Female,Goma,4
C05307,28,Female,Goma,2
C05308,63,Female,Kisangani,3
C05309,47,Male,Matadi,3
C05310,57,Female,Kananga,2
C05311,35,Male,Bukavu,1
C05312,68,Female,Likasi,4
C05313,65,Male,Lubumbashi,1
C05314,19,Male,Lubumbashi,1
C05315,49,Female,Kananga,1
C05316,25,Male,Goma,3
C05317,39,Male,Kinshasa,4
C05318,23,Male,Lubumbashi,1
C05319,29,Male,Kisangani,3
C05320,64,Female,Matadi,1
C05321,57,Female,Lubumbashi,4
C05322,53,Female,Kolwezi,2
C05323,32,Female,Matadi,1
C05324,45,Female,Matadi,1
C05325,69,Male,Lubumbashi,1
C05326,66,Male,Kinshasa,1
C05327,62,Male,Kinshasa,3
C05328,35,Male,Goma,1
C05329,19,Female,Kananga,4
C05330,30,Female,Kisangani,2
C05331,62,Male,Bukavu,2
C05332,32,Female,Mbuji-Mayi,1
C05333,37,Male,Bukavu,3
C05334,46,Male,Kolwezi,2
C05335,59,Female,Kinshasa,3
C05336,46,Female,Goma,4
C05337,20,Female,Kolwezi,1
C05338,36,Female,Bukavu,1
C05339,20,Female,Matadi,3
C05340,31,Female,Kananga,3
C05341,57,Female,Matadi,2
C05342,21,Male,Bukavu,1
C05343,69,Female,Lubumbashi,2
C05344,28,Male,Kananga,1
C05345,48,Male,Goma,1
C05346,60,Female,Likasi,2
C05347,49,Male,Matadi,1
C05348,44,Female,Lubumbashi,2
C05349,47,Male,Kolwezi,4
C05350,60,Male,Likasi,3
C05351,19,Male,Kolwezi,4
C05352,66,Female,Kinshasa,3
C05353,26,Male,Likasi,1
C05354,45,Male,Kananga,3
C05355,48,Male,Kinshasa,4
C05356,51,Female,Kananga,4
C05357,32,Male,Kisangani,2
C05358,65,Female,Lubumbashi,1
C05359,42,Male,Bukavu,1
C05360,53,Male,Kolwezi,1
C05361,25,Male,Bukavu,4
C05362,26,Female,Likasi,2
C05363,54,Male,Matadi,3
C05364,65,Male,Matadi,2
C05365,62,Male,Kolwezi,2
C05366,56,Male,Kinshasa,1
C05367,49,Female,Kolwezi,1
C05368,69,Male,Kisangani,2
C05369,34,Male,Kisangani,2
C05370,52,Male,Bukavu,1
C05371,54,Male,Likasi,3
C05372,36,Female,Kisangani,1
C05373,61,Male,Lubumbashi,3
C05374,46,Male,Kinshasa,1
C05375,24,Female,Kinshasa,2
C05376,45,Male,Kisangani,1
C05377,26,Male,Mbuji-Mayi,3
C05378,45,Male,Matadi,2
C05379,23,Female,Mbuji-Mayi,2
C05380,46,Male,Likasi,4
C05381,34,Female,Likasi,1
C05382,33,Female,Kananga,1
C05383,40,Female,Likasi,3
C05384,48,Female,Kananga,2
C05385,20,Female,Kinshasa,1
C05386,38,Female,Lubumbashi,2
C05387,43,Female,Goma,1
C05388,53,Male,Matadi,1
C05389,59,Male,Kananga,2
C05390,54,Female,Bukavu,3
C05391,39,Female,Lubumbashi,2
C05392,59,Female,Kolwezi,2
C05393,29,Female,Bukavu,3
C05394,59,Female,Lubumbashi,1
C05395,30,Female,Bukavu,3
C05396,28,Male,Kisangani,3
C05397,33,Male,Bukavu,1
C05398,25,Female,Kananga,1
C05399,57,Female,Lubumbashi,4
C05400,57,Female,Kolwezi,4
C05401,62,Male,Likasi,1
C05402,19,Female,Bukavu,1
C05403,47,Male,Kolwezi,1
C05404,47,Male,Lubumbashi,1
C05405,29,Male,Kolwezi,2
C05406,27,Female,Goma,2
C05407,61,Female,Goma,3
C05408,28,Male,Bukavu,1
C05409,32,Male,Bukavu,3
C05410,33,Male,Bukavu,1
C05411,34,Male,Matadi,1
C05412,43,Female,Kisangani,2
C05413,19,Male,Kolwezi,1
C05414,67,Female,Mbuji-Mayi,1
C05415,29,Male,Kinshasa,3
C05416,68,Female,Bukavu,1
C05417,43,Male,Kananga,3
C05418,40,Female,Goma,1
C05419,35,Female,Goma,1
C05420,49,Female,Likasi,2
C05421,66,Male,Kinshasa,3
C05422,55,Female,Kolwezi,2
C05423,64,Male,Lubumbashi,2
C05424,20,Female,Kinshasa,4
C05425,55,Female,Kisangani,3
C05426,20,Male,Bukavu,1
C05427,47,Female,Kananga,3
C05428,18,Female,Kolwezi,2
C05429,47,Male,Kolwezi,3
C05430,62,Female,Bukavu,2
C05431,49,Female,Kisangani,1
C05432,45,Female,Bukavu,2
C05433,38,Female,Bukavu,2
C05434,63,Male,Kinshasa,2
C05435,30,Female,Kananga,3
C05436,44,Female,Kolwezi,3
C05437,53,Female,Likasi,2
C05438,24,Female,Bukavu,2
C05439,39,Female,Matadi,2
C05440,27,Female,Lubumbashi,2
C05441,56,Female,Bukavu,4
C05442,32,Female,Bukavu,2
C05443,32,Male,Kolwezi,1
C05444,21,Male,Goma,2
C05445,49,Male,Mbuji-Mayi,2
C05446,40,Male,Lubumbashi,2
C05447,23,Female,Goma,2
C05448,41,Female,Kinshasa,1
C05449,37,Male,Matadi,1
C05450,54,Male,Mbuji-Mayi,1
C05451,37,Male,Lubumbashi,2
C05452,29,Female,Goma,1
C05453,50,Female,Kananga,3
C05454,45,Male,Kananga,1
C05455,25,Male,Kisangani,4
C05456,18,Male,Bukavu,1
C05457,54,Male,Matadi,1
C05458,39,Male,Mbuji-Mayi,2
C05459,23,Female,Lubumbashi,1
C05460,38,Male,Kananga,4
C05461,49,Female,Matadi,1
C05462,52,Male,Mbuji-Mayi,2
C05463,32,Male,Kisangani,4
C05464,22,Female,Kananga,1
C05465,63,Male,Kolwezi,1
C05466,67,Female,Kananga,1
C05467,65,Female,Likasi,2
C05468,23,Male,Kolwezi,1
C05469,42,Male,Matadi,2
C05470,63,Female,Kisangani,3
C05471,57,Female,Goma,3
C05472,46,Male,Kinshasa,1
C05473,24,Female,Bukavu,1
C05474,57,Male,Bukavu,1
C05475,30,Female,Kananga,2
C05476,55,Male,Lubumbashi,1
C05477,35,Female,Kolwezi,3
C05478,19,Female,Likasi,3
C05479,25,Male,Kananga,1
C05480,28,Female,Kisangani,2
C05481,50,Female,Kinshasa,1
C05482,55,Female,Goma,1
C05483,65,Female,Kinshasa,1
C05484,44,Female,Likasi,1
C05485,37,Female,Kinshasa,2
C05486,29,Female,Kinshasa,2
C05487,60,Male,Matadi,1
C05488,48,Female,Kisangani,4
C05489,44,Female,Kisangani,2
C05490,49,Male,Mbuji-Mayi,1
C05491,27,Female,Kananga,1
C05492,20,Female,Lubumbashi,2
C05493,62,Male,Mbuji-Mayi,4
C05494,44,Female,Kisangani,2
C05495,52,Female,Bukavu,4
C05496,48,Male,Kananga,2
C05497,32,Male,Likasi,2
C05498,33,Female,Matadi,2
C05499,30,Female,Goma,2
C05500,66,Male,Bukavu,1
C05501,52,Female,Kisangani,3
C05502,69,Male,Kananga,1
C05503,28,Male,Kisangani,2
C05504,38,Male,Kolwezi,2
C05505,68,Female,Mbuji-Mayi,2
C05506,28,Male,Goma,1
C05507,47,Male,Goma,2
C05508,65,Male,Lubumbashi,2
C05509,52,Female,Kolwezi,2
C05510,39,Female,Kinshasa,3
C05511,55,Female,Kolwezi,3
C05512,48,Male,Goma,1
C05513,31,Female,Bukavu,4
C05514,41,Female,Lubumbashi,3
C05515,67,Male,Likasi,1
C05516,66,Male,Bukavu,1
C05517,49,Female,Kananga,1
C05518,53,Female,Kinshasa,2
C05519,49,Male,Mbuji-Mayi,3
C05520,32,Female,Likasi,3
C05521,60,Male,Bukavu,3
C05522,52,Male,Kananga,1
C05523,20,Female,Kisangani,2
C05524,33,Female,Matadi,1
C05525,22,Female,Kinshasa,1
C05526,38,Female,Mbuji-Mayi,2
C05527,27,Male,Lubumbashi,1
C05528,36,Female,Kolwezi,2
C05529,42,Female,Matadi,2
C05530,21,Female,Kinshasa,3
C05531,46,Male,Likasi,1
C05532,36,Female,Kisangani,3
C05533,60,Female,Lubumbashi,4
C05534,19,Male,Goma,3
C05535,27,Male,Bukavu,3
C05536,60,Male,Bukavu,2
C05537,42,Male,Lubumbashi,2
C05538,37,Male,Goma,3
C05539,65,Female,Bukavu,3
C05540,36,Male,Kinshasa,2
C05541,40,Male,Lubumbashi,3
C05542,41,Male,Lubumbashi,2
C05543,28,Male,Likasi,1
C05544,63,Male,Goma,2
C05545,51,Male,Likasi,1
C05546,45,Male,Goma,1
C05547,22,Male,Likasi,1
C05548,22,Female,Lubumbashi,1
C05549,68,Female,Kolwezi,3
C05550,38,Female,Kolwezi,2
C05551,29,Male,Kolwezi,1
C05552,67,Male,Lubumbashi,2
C05553,21,Male,Bukavu,1
C05554,66,Female,Kisangani,2
C05555,59,Male,Mbuji-Mayi,2
C05556,37,Male,Kisangani,4
C05557,55,Male,Kolwezi,1
C05558,42,Female,Bukavu,2
C05559,31,Female,Lubumbashi,3
C05560,28,Male,Kananga,4
C05561,49,Female,Bukavu,1
C05562,28,Male,Kananga,2
C05563,35,Male,Lubumbashi,1
C05564,44,Female,Kinshasa,2
C05565,35,Female,Goma,1
C05566,40,Female,Mbuji-Mayi,3
C05567,28,Female,Kisangani,1
C05568,38,Male,Likasi,2
C05569,61,Male,Likasi,2
C05570,22,Female,Goma,4
C05571,40,Female,Bukavu,2
C05572,58,Male,Likasi,1
C05573,42,Male,Matadi,1
C05574,58,Male,Likasi,1
C05575,27,Male,Lubumbashi,3
C05576,39,Female,Goma,2
C05577,36,Female,Mbuji-Mayi,2
C05578,18,Female,Goma,1
C05579,24,Male,Mbuji-Mayi,3
C05580,21,Male,Matadi,2
C05581,18,Female,Likasi,4
C05582,32,Female,Goma,2
C05583,57,Female,Kananga,1
C05584,29,Male,Kolwezi,1
C05585,39,Female,Matadi,1
C05586,39,Male,Bukavu,3
C05587,67,Female,Kananga,3
C05588,64,Female,Mbuji-Mayi,1
C05589,34,Female,Goma,1
C05590,46,Male,Mbuji-Mayi,1
C05591,63,Male,Mbuji-Mayi,4
C05592,31,Male,Matadi,1
C05593,67,Male,Kananga,1
C05594,37,Male,Goma,1
C05595,67,Male,Likasi,2
C05596,65,Female,Kinshasa,3
C05597,50,Male,Kisangani,3
C05598,60,Female,Kisangani,1
C05599,32,Male,Matadi,2
C05600,29,Female,Bukavu,1
C05601,57,Female,Lubumbashi,4
C05602,37,Male,Kinshasa,1
C05603,47,Female,Goma,1
C05604,55,Male,Kisangani,2
C05605,20,Male,Bukavu,1
C05606,45,Male,Lubumbashi,1
C05607,43,Male,Kananga,2
C05608,47,Female,Goma,3
C05609,30,Male,Mbuji-Mayi,2
C05610,30,Female,Bukavu,2
C05611,19,Female,Goma,2
C05612,54,Female,Kinshasa,2
C05613,66,Male,Mbuji-Mayi,2
C05614,55,Female,Kinshasa,2
C05615,19,Male,Kolwezi,1
C05616,53,Female,Kisangani,1
C05617,43,Male,Lubumbashi,2
C05618,28,Male,Bukavu,2
C05619,25,Male,Mbuji-Mayi,3
C05620,61,Male,Kisangani,1
C05621,57,Female,Matadi,1
C05622,60,Female,Kinshasa,1
C05623,39,Male,Kolwezi,1
C05624,37,Female,Kinshasa,3
C05625,25,Male,Goma,2
C05626,46,Male,Kananga,3
C05627,57,Female,Kolwezi,2
C05628,43,Male,Kolwezi,3
C05629,47,Male,Lubumbashi,4
C05630,34,Male,Bukavu,2
C05631,37,Male,Matadi,3
C05632,69,Male,Matadi,2
C05633,33,Female,Lubumbashi,4
C05634,63,Female,Kinshasa,3
C05635,60,Female,Likasi,4
C05636,24,Male,Kisangani,2
C05637,33,Male,Likasi,3
C05638,62,Male,Goma,2
C05639,64,Male,Matadi,1
C05640,65,Male,Bukavu,1
C05641,44,Male,Kananga,3
C05642,40,Female,Kinshasa,1
C05643,41,Male,Bukavu,2
C05644,26,Female,Bukavu,1
C05645,52,Male,Mbuji-Mayi,1
C05646,68,Female,Kolwezi,3
C05647,37,Male,Kisangani,3
C05648,54,Female,Kolwezi,2
C05649,59,Female,Bukavu,1
C05650,34,Male,Lubumbashi,2
C05651,64,Male,Likasi,2
C05652,48,Female,Mbuji-Mayi,1
C05653,25,Male,Kolwezi,1
C05654,32,Male,Goma,2
C05655,48,Male,Kananga,1
C05656,47,Female,Kananga,2
C05657,63,Male,Kisangani,1
C05658,37,Female,Goma,2
C05659,56,Female,Kolwezi,1
C05660,29,Male,Kolwezi,4
C05661,66,Female,Bukavu,2
C05662,34,Male,Kolwezi,1
C05663,59,Male,Goma,2
C05664,47,Female,Kananga,3
C05665,46,Female,Bukavu,3
C05666,36,Female,Kinshasa,3
C05667,63,Female,Goma,1
C05668,28,Female,Lubumbashi,2
C05669,51,Male,Kolwezi,3
C05670,67,Female,Kananga,2
C05671,24,Male,Likasi,3
C05672,61,Male,Kolwezi,1
C05673,51,Female,Lubumbashi,1
C05674,37,Female,Kananga,3
C05675,67,Female,Kisangani,2
C05676,55,Female,Kolwezi,1
C05677,41,Female,Bukavu,1
C05678,27,Male,Mbuji-Mayi,3
C05679,49,Male,Goma,1
C05680,69,Male,Lubumbashi,1
C05681,32,Female,Kolwezi,1
C05682,54,Female,Kinshasa,4
C05683,37,Male,Likasi,4
C05684,20,Female,Kananga,2
C05685,54,Female,Lubumbashi,2
C05686,57,Female,Goma,1
C05687,25,Male,Kolwezi,1
C05688,57,Female,Kinshasa,3
C05689,61,Male,Kananga,1
C05690,40,Female,Goma,2
C05691,57,Female,Kananga,2
C05692,28,Male,Goma,1
C05693,63,Female,Kolwezi,2
C05694,25,Female,Mbuji-Mayi,2
C05695,46,Female,Matadi,3
C05696,47,Male,Bukavu,1
C05697,27,Female,Mbuji-Mayi,1
C05698,56,Female,Matadi,2
C05699,45,Female,Kolwezi,4
C05700,66,Female,Kolwezi,1
C05701,53,Female,Kolwezi,4
C05702,30,Male,Matadi,3
C05703,49,Male,Kinshasa,3
C05704,53,Female,Lubumbashi,1
C05705,54,Female,Matadi,1
C05706,43,Male,Likasi,1
C05707,39,Female,Lubumbashi,1
C05708,21,Female,Likasi,4
C05709,48,Female,Goma,1
C05710,35,Female,Bukavu,2
C05711,55,Female,Bukavu,1
C05712,41,Female,Bukavu,3
C05713,40,Female,Kisangani,1
C05714,39,Female,Matadi,1
C05715,19,Male,Kinshasa,1
C05716,48,Male,Goma,3
C05717,28,Female,Kolwezi,1
C05718,45,Female,Matadi,1
C05719,63,Female,Likasi,1
C05720,49,Female,Likasi,4
C05721,22,Male,Lubumbashi,2
C05722,55,Male,Kolwezi,3
C05723,27,Male,Kisangani,2
C05724,57,Male,Likasi,1
C05725,63,Female,Bukavu,2
C05726,41,Female,Lubumbashi,1
C05727,52,Female,Mbuji-Mayi,2
C05728,61,Male,Kananga,2
C05729,65,Female,Lubumbashi,2
C05730,40,Female,Lubumbashi,1
C05731,34,Male,Likasi,1
C05732,18,Male,Matadi,3
C05733,48,Male,Kolwezi,3
C05734,48,Male,Mbuji-Mayi,1
C05735,59,Male,Bukavu,1
C05736,59,Female,Matadi,3
C05737,51,Female,Goma,3
C05738,26,Male,Likasi,4
C05739,39,Female,Kolwezi,1
C05740,30,Female,Kinshasa,2
C05741,42,Female,Bukavu,1
C05742,65,Female,Matadi,2
C05743,35,Male,Bukavu,1
C05744,68,Female,Kolwezi,1
C05745,29,Female,Goma,1
C05746,57,Female,Goma,2
C05747,34,Male,Bukavu,2
C05748,32,Female,Goma,2
C05749,59,Male,Matadi,3
C05750,32,Male,Bukavu,3
C05751,32,Male,Matadi,2
C05752,56,Male,Goma,4
C05753,30,Female,Kisangani,2
C05754,34,Male,Kananga,1
C05755,49,Male,Kinshasa,4
C05756,26,Male,Likasi,1
C05757,57,Male,Kolwezi,2
C05758,37,Male,Kinshasa,1
C05759,43,Female,Matadi,2
C05760,44,Male,Kananga,2
C05761,38,Female,Kananga,1
C05762,35,Female,Kisangani,2
C05763,30,Male,Mbuji-Mayi,3
C05764,33,Female,Mbuji-Mayi,1
C05765,26,Female,Matadi,1
C05766,29,Female,Kananga,1
C05767,61,Male,Kisangani,3
C05768,55,Male,Likasi,3
C05769,36,Male,Likasi,3
C05770,24,Male,Kinshasa,1
C05771,52,Male,Bukavu,1
C05772,65,Male,Kolwezi,1
C05773,35,Male,Kisangani,1
C05774,33,Female,Bukavu,2
C05775,56,Female,Goma,4
C05776,21,Male,Likasi,1
C05777,42,Female,Matadi,4
C05778,49,Male,Kisangani,1
C05779,57,Male,Kananga,4
C05780,30,Male,Lubumbashi,1
C05781,62,Female,Lubumbashi,4
C05782,34,Male,Likasi,1
C05783,66,Male,Kisangani,4
C05784,54,Male,Bukavu,1
C05785,23,Male,Bukavu,1
C05786,36,Female,Kisangani,2
C05787,30,Male,Kolwezi,1
C05788,43,Female,Likasi,2
C05789,31,Female,Goma,4
C05790,48,Male,Kinshasa,2
C05791,21,Male,Kisangani,3
C05792,56,Female,Kolwezi,1
C05793,25,Female,Lubumbashi,2
C05794,42,Female,Bukavu,2
C05795,30,Female,Matadi,3
C05796,49,Male,Likasi,1
C05797,55,Female,Bukavu,2
C05798,55,Female,Goma,1
C05799,45,Female,Kolwezi,1
C05800,47,Female,Lubumbashi,1
C05801,20,Male,Goma,1
C05802,45,Male,Kinshasa,1
C05803,20,Male,Mbuji-Mayi,1
C05804,62,Female,Matadi,3
C05805,51,Female,Kinshasa,1
C05806,33,Male,Likasi,3
C05807,39,Male,Bukavu,1
C05808,49,Female,Kananga,1
C05809,55,Male,Kananga,2
C05810,25,Female,Lubumbashi,2
C05811,25,Female,Kisangani,2
C05812,23,Female,Bukavu,2
C05813,31,Female,Kananga,1
C05814,49,Female,Kolwezi,2
C05815,52,Female,Mbuji-Mayi,2
C05816,27,Male,Lubumbashi,1
C05817,20,Male,Matadi,3
C05818,29,Male,Kinshasa,3
C05819,66,Female,Kinshasa,1
C05820,48,Male,Kananga,3
C05821,46,Female,Lubumbashi,4
C05822,22,Female,Kananga,2
C05823,69,Female,Kinshasa,1
C05824,42,Female,Likasi,4
C05825,58,Male,Goma,1
C05826,48,Male,Bukavu,1
C05827,38,Male,Lubumbashi,1
C05828,37,Female,Kolwezi,3
C05829,56,Male,Kananga,4
C05830,39,Male,Kananga,2
C05831,21,Male,Kisangani,4
C05832,30,Female,Mbuji-Mayi,1
C05833,62,Male,Matadi,1
C05834,59,Female,Kananga,2
C05835,67,Male,Kolwezi,4
C05836,66,Female,Matadi,2
C05837,37,Male,Mbuji-Mayi,1
C05838,69,Male,Kisangani,1
C05839,30,Male,Kananga,1
C05840,34,Female,Matadi,1
C05841,53,Male,Matadi,1
C05842,50,Male,Likasi,4
C05843,18,Female,Matadi,2
C05844,32,Female,Kinshasa,2
C05845,30,Female,Mbuji-Mayi,1
C05846,34,Female,Kolwezi,1
C05847,41,Male,Kisangani,2
C05848,25,Male,Mbuji-Mayi,3
C05849,67,Female,Goma,2
C05850,44,Male,Kinshasa,3
C05851,62,Female,Kisangani,3
C05852,40,Male,Goma,1
C05853,63,Female,Matadi,1
C05854,25,Male,Mbuji-Mayi,2
C05855,25,Female,Kolwezi,2
C05856,43,Female,Kisangani,1
C05857,64,Male,Bukavu,2
C05858,30,Male,Goma,2
C05859,56,Male,Likasi,4
C05860,54,Female,Kinshasa,1
C05861,66,Male,Kinshasa,1
C05862,45,Female,Likasi,2
C05863,42,Male,Kinshasa,2
C05864,33,Male,Lubumbashi,2
C05865,19,Female,Lubumbashi,4
C05866,35,Female,Kisangani,3
C05867,34,Male,Bukavu,2
C05868,47,Female,Kolwezi,1
C05869,56,Female,Matadi,2
C05870,30,Male,Lubumbashi,2
C05871,49,Female,Goma,3
C05872,67,Male,Likasi,4
C05873,46,Male,Mbuji-Mayi,2
C05874,63,Female,Bukavu,2
C05875,47,Male,Kolwezi,1
C05876,35,Female,Goma,1
C05877,30,Male,Bukavu,1
C05878,60,Female,Likasi,1
C05879,38,Female,Goma,2
C05880,47,Female,Likasi,1
C05881,38,Female,Kolwezi,2
C05882,65,Female,Kinshasa,2
C05883,34,Male,Matadi,2
C05884,57,Male,Matadi,2
C05885,36,Female,Kananga,1
C05886,69,Male,Lubumbashi,4
C05887,32,Female,Kisangani,1
C05888,26,Female,Mbuji-Mayi,4
C05889,69,Male,Likasi,1
C05890,27,Male,Kananga,2
C05891,61,Female,Kananga,1
C05892,48,Female,Kananga,1
C05893,40,Female,Likasi,2
C05894,69,Female,Kolwezi,3
C05895,47,Female,Likasi,1
C05896,50,Female,Matadi,2
C05897,69,Male,Likasi,1
C05898,26,Female,Kolwezi,1
C05899,64,Female,Bukavu,4
C05900,18,Male,Matadi,3
C05901,61,Female,Kinshasa,2
C05902,52,Female,Goma,1
C05903,28,Male,Kinshasa,1
C05904,51,Female,Kisangani,4
C05905,33,Male,Kinshasa,1
C05906,26,Female,Matadi,3
C05907,49,Male,Kinshasa,1
C05908,32,Male,Lubumbashi,4
C05909,29,Male,Kinshasa,1
C05910,50,Female,Mbuji-Mayi,1
C05911,62,Female,Kisangani,2
C05912,31,Male,Goma,4
C05913,25,Male,Kolwezi,4
C05914,25,Female,Mbuji-Mayi,3
C05915,44,Female,Mbuji-Mayi,3
C05916,29,Female,Mbuji-Mayi,2
C05917,18,Female,Kolwezi,3
C05918,60,Female,Lubumbashi,3
C05919,57,Male,Lubumbashi,2
C05920,59,Female,Kolwezi,2
C05921,68,Male,Bukavu,2
C05922,28,Female,Likasi,2
C05923,56,Male,Likasi,3
C05924,60,Male,Lubumbashi,1
C05925,48,Female,Matadi,1
C05926,34,Male,Kolwezi,2
C05927,50,Male,Lubumbashi,1
C05928,49,Male,Matadi,2
C05929,46,Male,Likasi,4
C05930,38,Female,Kinshasa,2
C05931,38,Male,Lubumbashi,3
C05932,57,Female,Kisangani,1
C05933,40,Male,Kinshasa,4
C05934,23,Female,Kinshasa,2
C05935,39,Female,Lubumbashi,1
C05936,67,Female,Matadi,2
C05937,55,Male,Kisangani,4
C05938,54,Female,Matadi,1
C05939,62,Female,Mbuji-Mayi,2
C05940,68,Male,Matadi,4
C05941,25,Female,Matadi,1
C05942,58,Male,Bukavu,2
C05943,66,Male,Kananga,2
C05944,52,Female,Goma,1
C05945,68,Male,Kananga,2
C05946,28,Male,Kisangani,1
C05947,41,Male,Kisangani,3
C05948,66,Female,Kolwezi,1
C05949,38,Male,Matadi,1
C05950,68,Male,Kinshasa,2
C05951,19,Male,Kananga,1
C05952,57,Female,Kolwezi,1
C05953,36,Male,Mbuji-Mayi,3
C05954,56,Female,Goma,4
C05955,45,Male,Matadi,3
C05956,34,Female,Kolwezi,2
C05957,23,Female,Kananga,3
C05958,36,Female,Mbuji-Mayi,4
C05959,55,Male,Bukavu,2
C05960,45,Male,Likasi,1
C05961,19,Male,Goma,1
C05962,55,Female,Kisangani,2
C05963,54,Male,Bukavu,4
C05964,68,Male,Matadi,2
C05965,69,Female,Likasi,2
C05966,21,Male,Likasi,1
C05967,39,Male,Goma,1
C05968,43,Female,Kinshasa,2
C05969,66,Female,Bukavu,4
C05970,60,Male,Kinshasa,1
C05971,53,Female,Lubumbashi,3
C05972,30,Male,Bukavu,1
C05973,69,Male,Mbuji-Mayi,2
C05974,49,Male,Matadi,2
C05975,34,Male,Bukavu,3
C05976,58,Male,Bukavu,1
C05977,53,Female,Lubumbashi,1
C05978,63,Female,Goma,1
C05979,36,Male,Goma,4
C05980,52,Female,Mbuji-Mayi,1
C05981,63,Female,Goma,1
C05982,57,Male,Likasi,2
C05983,45,Female,Kananga,2
C05984,18,Female,Lubumbashi,3
C05985,59,Male,Kananga,4
C05986,35,Male,Kananga,2
C05987,65,Male,Lubumbashi,4
C05988,57,Male,Kananga,3
C05989,50,Male,Kananga,1
C05990,29,Male,Kananga,4
C05991,25,Male,Mbuji-Mayi,2
C05992,41,Female,Kisangani,2
C05993,33,Male,Mbuji-Mayi,2
C05994,67,Female,Kinshasa,2
C05995,21,Female,Bukavu,1
C05996,55,Male,Goma,3
C05997,61,Female,Lubumbashi,3
C05998,44,Female,Likasi,3
C05999,26,Female,Kananga,1
C06000,64,Male,Kolwezi,4
C06001,33,Female,Lubumbashi,1
C06002,29,Female,Matadi,1
C06003,48,Male,Lubumbashi,1
C06004,41,Female,Bukavu,1
C06005,31,Female,Likasi,2
C06006,62,Female,Lubumbashi,2
C06007,42,Female,Likasi,3
C06008,51,Female,Lubumbashi,4
C06009,20,Male,Mbuji-Mayi,3
C06010,41,Female,Mbuji-Mayi,2
C06011,59,Male,Kisangani,3
C06012,26,Female,Kinshasa,3
C06013,43,Male,Lubumbashi,2
C06014,37,Male,Kananga,3
C06015,57,Male,Lubumbashi,2
C06016,27,Female,Matadi,1
C06017,36,Female,Likasi,2
C06018,20,Female,Kananga,2
C06019,41,Female,Kisangani,3
C06020,22,Female,Likasi,1
C06021,20,Male,Mbuji-Mayi,2
C06022,44,Male,Kolwezi,4
C06023,33,Male,Kananga,4
C06024,66,Female,Mbuji-Mayi,1
C06025,32,Female,Matadi,1
C06026,52,Male,Kananga,2
C06027,29,Female,Kananga,2
C06028,58,Female,Kananga,1
C06029,61,Male,Kinshasa,1
C06030,43,Male,Kananga,3
C06031,64,Female,Kinshasa,3
C06032,51,Female,Mbuji-Mayi,2
C06033,40,Male,Kisangani,2
C06034,48,Female,Kinshasa,2
C06035,67,Male,Kinshasa,1
C06036,37,Male,Kananga,2
C06037,29,Male,Kisangani,1
C06038,40,Female,Kananga,2
C06039,21,Male,Mbuji-Mayi,1
C06040,40,Male,Kananga,2
C06041,65,Female,Goma,2
C06042,65,Male,Bukavu,1
C06043,18,Female,Mbuji-Mayi,1
C06044,42,Female,Lubumbashi,1
C06045,19,Female,Likasi,2
C06046,47,Male,Likasi,1
C06047,20,Male,Kisangani,1
C06048,38,Female,Goma,2
C06049,42,Female,Kinshasa,3
C06050,37,Female,Goma,1
C06051,66,Male,Bukavu,2
C06052,69,Female,Mbuji-Mayi,4
C06053,39,Female,Kisangani,4
C06054,38,Female,Goma,1
C06055,50,Male,Matadi,3
C06056,69,Female,Kinshasa,2
C06057,55,Male,Goma,4
C06058,32,Male,Kisangani,2
C06059,63,Female,Matadi,3
C06060,69,Female,Lubumbashi,3
C06061,32,Female,Mbuji-Mayi,2
C06062,63,Male,Mbuji-Mayi,3
C06063,42,Male,Lubumbashi,1
C06064,38,Male,Kananga,1
C06065,41,Female,Likasi,2
C06066,22,Male,Matadi,4
C06067,23,Female,Kinshasa,2
C06068,66,Female,Goma,2
C06069,60,Female,Bukavu,2
C06070,65,Male,Likasi,1
C06071,61,Male,Kisangani,1
C06072,64,Male,Kananga,3
C06073,40,Female,Kinshasa,4
C06074,21,Male,Bukavu,1
C06075,44,Male,Bukavu,2
C06076,35,Female,Kinshasa,1
C06077,38,Female,Kananga,1
C06078,45,Male,Kisangani,1
C06079,52,Female,Lubumbashi,2
C06080,39,Male,Likasi,1
C06081,57,Female,Kolwezi,1
C06082,40,Female,Kolwezi,3
C06083,20,Male,Kananga,4
C06084,57,Female,Bukavu,1
C06085,67,Female,Goma,2
C06086,27,Female,Lubumbashi,1
C06087,42,Male,Lubumbashi,4
C06088,69,Female,Kananga,2
C06089,66,Female,Kisangani,3
C06090,25,Male,Kananga,1
C06091,28,Male,Goma,2
C06092,22,Female,Mbuji-Mayi,2
C06093,62,Female,Kolwezi,1
C06094,54,Female,Kananga,1
C06095,62,Male,Lubumbashi,2
C06096,55,Female,Kisangani,3
C06097,46,Male,Kolwezi,1
C06098,22,Male,Matadi,2
C06099,26,Female,Kinshasa,1
C06100,65,Female,Lubumbashi,1
C06101,19,Male,Matadi,2
C06102,18,Female,Kisangani,1
C06103,57,Female,Lubumbashi,2
C06104,68,Male,Kananga,1
C06105,47,Female,Lubumbashi,2
C06106,28,Male,Kisangani,2
C06107,45,Female,Lubumbashi,4
C06108,61,Male,Goma,1
C06109,29,Male,Bukavu,3
C06110,56,Female,Matadi,1
C06111,43,Male,Mbuji-Mayi,2
C06112,30,Male,Bukavu,2
C06113,25,Female,Kisangani,1
C06114,45,Female,Kolwezi,2
C06115,47,Female,Goma,1
C06116,26,Male,Matadi,1
C06117,56,Male,Kisangani,1
C06118,48,Male,Matadi,3
C06119,38,Female,Lubumbashi,3
C06120,64,Male,Likasi,1
C06121,51,Male,Kananga,2
C06122,48,Female,Bukavu,1
C06123,69,Male,Lubumbashi,1
C06124,42,Female,Kinshasa,3
C06125,29,Female,Kolwezi,2
C06126,18,Female,Kinshasa,1
C06127,39,Male,Kinshasa,1
C06128,57,Male,Goma,3
C06129,54,Male,Mbuji-Mayi,1
C06130,64,Female,Bukavu,1
C06131,18,Female,Likasi,2
C06132,18,Female,Lubumbashi,2
C06133,59,Male,Kinshasa,2
C06134,59,Male,Kinshasa,3
C06135,38,Male,Kolwezi,1
C06136,32,Male,Likasi,3
C06137,34,Male,Likasi,1
C06138,39,Female,Likasi,2
C06139,55,Male,Lubumbashi,3
C06140,52,Female,Bukavu,2
C06141,62,Female,Bukavu,3
C06142,33,Male,Lubumbashi,3
C06143,25,Female,Goma,1
C06144,64,Male,Lubumbashi,3
C06145,34,Male,Kananga,4
C06146,34,Female,Kisangani,2
C06147,43,Male,Kananga,1
C06148,30,Male,Goma,1
C06149,34,Female,Goma,1
C06150,55,Female,Lubumbashi,1
C06151,34,Female,Lubumbashi,2
C06152,65,Female,Mbuji-Mayi,1
C06153,31,Female,Kolwezi,1
C06154,62,Female,Kananga,2
C06155,23,Male,Bukavu,2
C06156,52,Male,Mbuji-Mayi,2
C06157,63,Male,Likasi,3
C06158,31,Female,Matadi,1
C06159,64,Male,Bukavu,1
C06160,25,Female,Likasi,1
C06161,32,Male,Mbuji-Mayi,2
C06162,44,Female,Kinshasa,1
C06163,30,Male,Mbuji-Mayi,3
C06164,66,Female,Mbuji-Mayi,1
C06165,48,Female,Mbuji-Mayi,4
C06166,52,Female,Lubumbashi,2
C06167,23,Female,Kananga,2
C06168,22,Male,Mbuji-Mayi,3
C06169,39,Male,Lubumbashi,3
C06170,66,Female,Likasi,2
C06171,40,Female,Kolwezi,4
C06172,42,Female,Kananga,2
C06173,51,Male,Likasi,3
C06174,43,Female,Goma,1
C06175,64,Female,Bukavu,3
C06176,22,Male,Matadi,1
C06177,43,Female,Goma,1
C06178,37,Female,Kisangani,2
C06179,23,Male,Kolwezi,1
C06180,23,Female,Kisangani,1
C06181,67,Female,Kinshasa,1
C06182,35,Male,Kinshasa,2
C06183,21,Female,Mbuji-Mayi,3
C06184,34,Male,Kolwezi,2
C06185,31,Female,Likasi,3
C06186,31,Female,Goma,2
C06187,30,Female,Kolwezi,1
C06188,24,Female,Goma,1
C06189,61,Female,Matadi,2
C06190,32,Male,Likasi,1
C06191,36,Female,Kisangani,1
C06192,60,Female,Goma,2
C06193,64,Male,Matadi,2
C06194,61,Male,Kolwezi,1
C06195,52,Female,Matadi,3
C06196,34,Male,Bukavu,3
C06197,52,Female,Matadi,3
C06198,36,Male,Matadi,4
C06199,37,Male,Mbuji-Mayi,1
C06200,53,Female,Kinshasa,2
C06201,52,Male,Kisangani,3
C06202,49,Female,Bukavu,2
C06203,65,Male,Bukavu,3
C06204,61,Male,Kinshasa,2
C06205,57,Male,Kananga,2
C06206,41,Female,Goma,1
C06207,34,Female,Matadi,4
C06208,24,Male,Kolwezi,3
C06209,60,Female,Matadi,3
C06210,67,Female,Kolwezi,2
C06211,18,Female,Matadi,1
C06212,52,Male,Bukavu,1
C06213,49,Female,Kananga,3
C06214,53,Male,Kinshasa,1
C06215,30,Male,Likasi,1
C06216,23,Male,Lubumbashi,2
C06217,31,Male,Kisangani,2
C06218,54,Male,Likasi,2
C06219,65,Female,Kisangani,2
C06220,32,Female,Goma,2
C06221,64,Male,Kinshasa,3
C06222,21,Female,Kolwezi,1
C06223,57,Female,Likasi,1
C06224,33,Female,Likasi,2
C06225,45,Female,Kisangani,4
C06226,33,Female,Likasi,1
C06227,21,Female,Kolwezi,1
C06228,62,Female,Kinshasa,2
C06229,43,Male,Goma,2
C06230,45,Male,Lubumbashi,4
C06231,49,Male,Kinshasa,3
C06232,62,Female,Mbuji-Mayi,2
C06233,19,Female,Goma,2
C06234,48,Male,Likasi,1
C06235,20,Female,Kolwezi,2
C06236,25,Female,Kananga,3
C06237,41,Male,Likasi,1
C06238,32,Male,Bukavu,1
C06239,60,Male,Bukavu,4
C06240,48,Female,Kananga,2
C06241,26,Female,Lubumbashi,2
C06242,56,Female,Bukavu,1
C06243,62,Male,Lubumbashi,2
C06244,19,Male,Goma,3
C06245,25,Female,Kananga,1
C06246,24,Male,Lubumbashi,2
C06247,61,Male,Mbuji-Mayi,1
C06248,68,Female,Lubumbashi,2
C06249,56,Male,Matadi,4
C06250,59,Male,Goma,2
C06251,33,Male,Mbuji-Mayi,4
C06252,52,Female,Kananga,4
C06253,47,Female,Kisangani,4
C06254,27,Male,Likasi,3
C06255,55,Female,Kolwezi,1
C06256,35,Female,Bukavu,4
C06257,67,Female,Matadi,1
C06258,22,Male,Matadi,1
C06259,46,Female,Kisangani,1
C06260,56,Male,Likasi,1
C06261,51,Male,Likasi,2
C06262,60,Female,Bukavu,2
C06263,62,Male,Lubumbashi,1
C06264,40,Female,Kananga,2
C06265,22,Female,Likasi,2
C06266,47,Male,Likasi,3
C06267,23,Male,Kolwezi,1
C06268,63,Female,Mbuji-Mayi,1
C06269,61,Female,Mbuji-Mayi,1
C06270,21,Female,Kolwezi,1
C06271,46,Female,Kinshasa,2
C06272,40,Male,Kananga,2
C06273,23,Male,Likasi,1
C06274,49,Male,Bukavu,1
C06275,59,Female,Kananga,1
C06276,35,Male,Kisangani,4
C06277,32,Male,Matadi,1
C06278,57,Male,Likasi,3
C06279,49,Male,Kinshasa,3
C06280,26,Female,Bukavu,1
C06281,54,Male,Kananga,4
C06282,27,Male,Goma,3
C06283,37,Male,Matadi,2
C06284,23,Male,Likasi,2
C06285,65,Female,Kananga,2
C06286,20,Female,Kananga,1
C06287,59,Male,Bukavu,1
C06288,28,Female,Matadi,3
C06289,60,Female,Mbuji-Mayi,3
C06290,34,Female,Mbuji-Mayi,1
C06291,49,Female,Goma,3
C06292,21,Male,Lubumbashi,3
C06293,21,Female,Kolwezi,1
C06294,34,Female,Likasi,2
C06295,58,Male,Bukavu,2
C06296,36,Male,Likasi,3
C06297,22,Male,Bukavu,3
C06298,49,Male,Mbuji-Mayi,1
C06299,39,Female,Bukavu,2
C06300,23,Male,Matadi,3
C06301,52,Female,Lubumbashi,3
C06302,39,Female,Goma,1
C06303,18,Male,Kinshasa,2
C06304,37,Male,Mbuji-Mayi,3
C06305,39,Female,Kinshasa,1
C06306,65,Female,Kinshasa,2
C06307,28,Male,Kisangani,3
C06308,30,Male,Lubumbashi,1
C06309,59,Male,Kolwezi,3
C06310,20,Female,Kananga,1
C06311,26,Female,Matadi,1
C06312,29,Male,Bukavu,1
C06313,40,Female,Likasi,1
C06314,31,Male,Kolwezi,1
C06315,50,Female,Likasi,2
C06316,35,Female,Goma,1
C06317,66,Male,Goma,4
C06318,58,Male,Matadi,2
C06319,26,Male,Bukavu,2
C06320,40,Female,Bukavu,2
C06321,27,Female,Mbuji-Mayi,2
C06322,36,Male,Bukavu,2
C06323,64,Female,Kananga,1
C06324,22,Male,Kolwezi,3
C06325,64,Female,Kolwezi,2
C06326,69,Male,Likasi,1
C06327,40,Female,Kisangani,2
C06328,47,Female,Matadi,2
C06329,42,Female,Matadi,1
C06330,45,Female,Kananga,3
C06331,51,Male,Bukavu,2
C06332,62,Female,Kisangani,2
C06333,65,Male,Mbuji-Mayi,2
C06334,64,Male,Mbuji-Mayi,4
C06335,42,Male,Kolwezi,1
C06336,27,Male,Kananga,2
C06337,31,Female,Kinshasa,1
C06338,59,Male,Kinshasa,3
C06339,63,Female,Bukavu,1
C06340,47,Female,Kolwezi,1
C06341,58,Female,Kananga,3
C06342,42,Female,Kinshasa,2
C06343,31,Male,Lubumbashi,1
C06344,52,Female,Likasi,2
C06345,69,Male,Goma,3
C06346,65,Female,Likasi,1
C06347,51,Female,Goma,1
C06348,27,Male,Lubumbashi,4
C06349,52,Female,Lubumbashi,2
C06350,28,Female,Kananga,1
C06351,28,Female,Kisangani,3
C06352,38,Female,Matadi,2
C06353,38,Female,Kinshasa,1
C06354,39,Male,Kananga,1
C06355,62,Female,Kisangani,1
C06356,24,Female,Matadi,3
C06357,34,Male,Kananga,1
C06358,19,Female,Bukavu,1
C06359,29,Male,Matadi,3
C06360,59,Female,Likasi,1
C06361,35,Female,Matadi,2
C06362,28,Male,Likasi,1
C06363,33,Female,Mbuji-Mayi,2
C06364,66,Female,Goma,1
C06365,68,Male,Likasi,1
C06366,35,Male,Lubumbashi,2
C06367,52,Female,Bukavu,2
C06368,43,Male,Kinshasa,2
C06369,33,Female,Mbuji-Mayi,2
C06370,23,Male,Mbuji-Mayi,2
C06371,61,Female,Kolwezi,2
C06372,60,Male,Kananga,2
C06373,64,Male,Kananga,2
C06374,64,Male,Kananga,2
C06375,65,Male,Matadi,2
C06376,59,Male,Kinshasa,1
C06377,29,Male,Goma,1
C06378,30,Male,Likasi,1
C06379,21,Male,Kananga,4
C06380,56,Male,Mbuji-Mayi,3
C06381,19,Female,Likasi,2
C06382,43,Male,Kinshasa,1
C06383,44,Female,Mbuji-Mayi,1
C06384,44,Male,Lubumbashi,3
C06385,32,Female,Kinshasa,3
C06386,25,Female,Matadi,1
C06387,24,Male,Kananga,3
C06388,64,Male,Kisangani,2
C06389,63,Female,Bukavu,1
C06390,57,Female,Mbuji-Mayi,3
C06391,29,Male,Kolwezi,2
C06392,30,Male,Kolwezi,3
C06393,60,Male,Bukavu,1
C06394,34,Female,Goma,1
C06395,34,Male,Goma,1
C06396,53,Male,Bukavu,1
C06397,38,Male,Kisangani,2
C06398,25,Male,Matadi,1
C06399,22,Male,Kinshasa,2
C06400,43,Female,Kisangani,1
C06401,33,Female,Likasi,3
C06402,53,Male,Kananga,2
C06403,45,Male,Goma,2
C06404,46,Female,Mbuji-Mayi,1
C06405,64,Male,Goma,1
C06406,29,Female,Kolwezi,1
C06407,54,Male,Mbuji-Mayi,1
C06408,47,Female,Likasi,1
C06409,40,Female,Likasi,1
C06410,33,Male,Kananga,2
C06411,31,Female,Lubumbashi,4
C06412,27,Male,Kolwezi,1
C06413,24,Female,Bukavu,3
C06414,62,Male,Goma,1
C06415,69,Male,Kananga,2
C06416,54,Male,Kananga,2
C06417,46,Female,Lubumbashi,4
C06418,20,Male,Likasi,1
C06419,32,Male,Kolwezi,1
C06420,53,Male,Mbuji-Mayi,1
C06421,64,Female,Kolwezi,2
C06422,63,Male,Kolwezi,4
C06423,69,Female,Goma,3
C06424,36,Female,Mbuji-Mayi,3
C06425,30,Female,Kisangani,2
C06426,59,Male,Mbuji-Mayi,3
C06427,38,Male,Kananga,2
C06428,54,Female,Lubumbashi,1
C06429,44,Male,Kolwezi,3
C06430,69,Male,Mbuji-Mayi,1
C06431,46,Female,Kananga,1
C06432,37,Female,Kinshasa,1
C06433,42,Male,Likasi,2
C06434,23,Female,Lubumbashi,2
C06435,53,Male,Matadi,1
C06436,19,Female,Bukavu,3
C06437,39,Male,Kananga,3
C06438,49,Male,Kolwezi,4
C06439,33,Female,Lubumbashi,2
C06440,35,Male,Likasi,3
C06441,22,Male,Mbuji-Mayi,3
C06442,53,Female,Kinshasa,1
C06443,47,Male,Matadi,1
C06444,62,Male,Likasi,2
C06445,36,Male,Kinshasa,1
C06446,40,Female,Bukavu,1
C06447,51,Female,Lubumbashi,2
C06448,30,Female,Kisangani,1
C06449,60,Female,Goma,1
C06450,46,Female,Lubumbashi,2
C06451,53,Male,Matadi,3
C06452,39,Male,Kisangani,3
C06453,69,Male,Kisangani,2
C06454,69,Female,Bukavu,2
C06455,64,Male,Goma,1
C06456,53,Female,Kisangani,1
C06457,26,Male,Kananga,1
C06458,56,Female,Likasi,3
C06459,68,Male,Kisangani,2
C06460,36,Male,Kisangani,3
C06461,55,Female,Likasi,3
C06462,23,Male,Mbuji-Mayi,1
C06463,69,Male,Bukavu,2
C06464,64,Female,Kisangani,2
C06465,32,Male,Kisangani,2
C06466,37,Male,Goma,2
C06467,26,Female,Kinshasa,4
C06468,49,Female,Mbuji-Mayi,3
C06469,21,Female,Kolwezi,4
C06470,67,Female,Mbuji-Mayi,1
C06471,35,Female,Likasi,1
C06472,22,Male,Goma,1
C06473,37,Female,Bukavu,1
C06474,40,Female,Lubumbashi,2
C06475,28,Male,Goma,2
C06476,54,Male,Matadi,2
C06477,39,Male,Likasi,4
C06478,21,Male,Kinshasa,4
C06479,46,Male,Matadi,1
C06480,61,Female,Matadi,3
C06481,51,Male,Bukavu,2
C06482,30,Female,Kolwezi,2
C06483,59,Male,Lubumbashi,3
C06484,26,Female,Kisangani,1
C06485,59,Male,Kananga,3
C06486,48,Female,Kisangani,2
C06487,24,Female,Matadi,3
C06488,21,Female,Mbuji-Mayi,4
C06489,36,Female,Kananga,2
C06490,59,Female,Bukavu,1
C06491,47,Female,Lubumbashi,1
C06492,48,Female,Bukavu,1
C06493,52,Female,Likasi,1
C06494,38,Female,Kinshasa,3
C06495,48,Female,Matadi,1
C06496,36,Male,Mbuji-Mayi,4
C06497,48,Female,Bukavu,3
C06498,49,Female,Kananga,1
C06499,19,Male,Matadi,2
C06500,69,Female,Lubumbashi,2
C06501,27,Female,Mbuji-Mayi,2
C06502,19,Male,Kolwezi,2
C06503,19,Male,Kolwezi,1
C06504,41,Female,Kananga,2
C06505,34,Male,Kinshasa,2
C06506,49,Female,Kolwezi,3
C06507,33,Female,Matadi,3
C06508,33,Female,Lubumbashi,1
C06509,63,Male,Kinshasa,1
C06510,56,Female,Kisangani,3
C06511,48,Female,Lubumbashi,4
C06512,60,Male,Matadi,2
C06513,41,Female,Matadi,1
C06514,18,Female,Likasi,1
C06515,28,Female,Kinshasa,1
C06516,38,Female,Lubumbashi,1
C06517,21,Female,Kinshasa,2
C06518,24,Female,Kananga,2
C06519,43,Male,Goma,1
C06520,64,Female,Kinshasa,1
C06521,67,Female,Kolwezi,1
C06522,29,Male,Matadi,3
C06523,48,Female,Likasi,2
C06524,34,Female,Kisangani,4
C06525,50,Male,Likasi,2
C06526,28,Male,Lubumbashi,1
C06527,45,Male,Kananga,1
C06528,49,Male,Kananga,2
C06529,18,Male,Kisangani,2
C06530,64,Male,Kinshasa,2
C06531,45,Male,Kinshasa,3
C06532,59,Female,Lubumbashi,3
C06533,24,Female,Lubumbashi,1
C06534,19,Female,Mbuji-Mayi,3
C06535,59,Male,Kinshasa,2
C06536,41,Female,Lubumbashi,1
C06537,21,Male,Kananga,2
C06538,61,Female,Goma,2
C06539,36,Female,Matadi,1
C06540,43,Female,Kinshasa,2
C06541,28,Female,Mbuji-Mayi,1
C06542,57,Male,Matadi,1
C06543,67,Male,Kolwezi,1
C06544,60,Female,Goma,1
C06545,28,Male,Likasi,1
C06546,62,Male,Kinshasa,1
C06547,20,Female,Likasi,3
C06548,29,Male,Mbuji-Mayi,1
C06549,20,Male,Kinshasa,2
C06550,59,Male,Mbuji-Mayi,1
C06551,44,Male,Bukavu,3
C06552,66,Female,Mbuji-Mayi,1
C06553,19,Female,Lubumbashi,1
C06554,66,Male,Lubumbashi,1
C06555,33,Female,Likasi,4
C06556,19,Female,Bukavu,2
C06557,47,Female,Mbuji-Mayi,1
C06558,37,Male,Kolwezi,1
C06559,55,Male,Likasi,1
C06560,45,Female,Matadi,1
C06561,42,Female,Lubumbashi,3
C06562,49,Male,Matadi,2
C06563,27,Female,Matadi,2
C06564,59,Male,Bukavu,1
C06565,57,Female,Likasi,2
C06566,50,Male,Kananga,1
C06567,30,Male,Likasi,1
C06568,58,Male,Kananga,2
C06569,59,Male,Mbuji-Mayi,1
C06570,64,Female,Kananga,2
C06571,54,Male,Kinshasa,3
C06572,33,Female,Mbuji-Mayi,1
C06573,62,Male,Kananga,3
C06574,39,Male,Kolwezi,1
C06575,37,Female,Matadi,1
C06576,67,Female,Mbuji-Mayi,2
C06577,60,Female,Matadi,2
C06578,44,Male,Kisangani,1
C06579,58,Male,Likasi,3
C06580,33,Female,Kananga,4
C06581,51,Male,Matadi,1
C06582,49,Female,Kananga,3
C06583,43,Male,Matadi,2
C06584,42,Male,Kolwezi,4
C06585,19,Male,Goma,1
C06586,29,Female,Kolwezi,3
C06587,57,Male,Lubumbashi,1
C06588,26,Female,Kananga,3
C06589,29,Female,Kolwezi,2
C06590,43,Male,Kinshasa,1
C06591,26,Female,Kananga,1
C06592,27,Female,Bukavu,3
C06593,49,Male,Likasi,2
C06594,51,Female,Likasi,1
C06595,65,Female,Lubumbashi,2
C06596,37,Male,Kinshasa,3
C06597,56,Male,Lubumbashi,1
C06598,19,Male,Mbuji-Mayi,1
C06599,18,Female,Kananga,4
C06600,68,Female,Kinshasa,1
C06601,53,Male,Kisangani,1
C06602,41,Female,Matadi,1
C06603,44,Male,Bukavu,3
C06604,19,Male,Kananga,1
C06605,48,Male,Bukavu,2
C06606,31,Female,Kinshasa,3
C06607,19,Female,Matadi,1
C06608,46,Male,Lubumbashi,3
C06609,32,Male,Kananga,2
C06610,29,Female,Matadi,2
C06611,54,Male,Bukavu,1
C06612,45,Female,Goma,2
C06613,37,Male,Kinshasa,1
C06614,56,Male,Kinshasa,1
C06615,41,Female,Bukavu,4
C06616,38,Female,Bukavu,1
C06617,27,Female,Mbuji-Mayi,3
C06618,63,Female,Lubumbashi,1
C06619,31,Female,Bukavu,1
C06620,54,Male,Kolwezi,3
C06621,35,Male,Likasi,1
C06622,41,Female,Likasi,3
C06623,31,Female,Kananga,2
C06624,51,Male,Kisangani,1
C06625,29,Male,Kananga,2
C06626,39,Female,Mbuji-Mayi,1
C06627,23,Female,Matadi,1
C06628,53,Male,Kisangani,3
C06629,62,Female,Matadi,1
C06630,53,Male,Likasi,1
C06631,39,Male,Likasi,3
C06632,31,Female,Likasi,3
C06633,33,Male,Bukavu,2
C06634,53,Male,Mbuji-Mayi,2
C06635,42,Male,Kolwezi,2
C06636,49,Female,Kananga,2
C06637,50,Male,Matadi,2
C06638,62,Female,Goma,4
C06639,53,Male,Kananga,1
C06640,37,Male,Kinshasa,2
C06641,35,Male,Lubumbashi,3
C06642,55,Male,Kisangani,2
C06643,20,Male,Matadi,3
C06644,40,Female,Mbuji-Mayi,1
C06645,49,Female,Likasi,1
C06646,62,Male,Kinshasa,3
C06647,33,Female,Lubumbashi,1
C06648,22,Female,Matadi,3
C06649,21,Male,Kolwezi,1
C06650,38,Female,Likasi,3
C06651,57,Female,Matadi,2
C06652,68,Female,Goma,1
C06653,31,Female,Goma,2
C06654,56,Male,Mbuji-Mayi,2
C06655,48,Female,Goma,1
C06656,31,Male,Kolwezi,2
C06657,23,Male,Mbuji-Mayi,2
C06658,29,Female,Kisangani,1
C06659,33,Male,Kolwezi,3
C06660,34,Female,Mbuji-Mayi,1
C06661,62,Male,Kolwezi,1
C06662,40,Female,Goma,2
C06663,31,Female,Kisangani,2
C06664,24,Male,Kolwezi,4
C06665,63,Female,Kisangani,1
C06666,49,Female,Lubumbashi,1
C06667,32,Female,Kolwezi,1
C06668,61,Female,Kananga,3
C06669,34,Male,Likasi,2
C06670,58,Male,Goma,3
C06671,64,Male,Matadi,1
C06672,61,Female,Kisangani,3
C06673,51,Male,Goma,2
C06674,22,Female,Kinshasa,4
C06675,62,Female,Kananga,1
C06676,44,Female,Goma,2
C06677,69,Male,Likasi,3
C06678,40,Male,Kananga,2
C06679,57,Male,Likasi,1
C06680,31,Male,Goma,4
C06681,32,Female,Kananga,1
C06682,60,Male,Matadi,1
C06683,50,Male,Matadi,2
C06684,48,Male,Likasi,2
C06685,52,Male,Likasi,3
C06686,34,Female,Lubumbashi,1
C06687,45,Male,Matadi,2
C06688,36,Male,Matadi,2
C06689,63,Male,Kisangani,1
C06690,40,Female,Mbuji-Mayi,4
C06691,49,Male,Kolwezi,3
C06692,57,Male,Kisangani,2
C06693,30,Male,Likasi,1
C06694,37,Female,Bukavu,4
C06695,52,Female,Kolwezi,1
C06696,22,Male,Bukavu,1
C06697,26,Male,Kinshasa,1
C06698,46,Female,Likasi,1
C06699,23,Female,Goma,3
C06700,42,Female,Mbuji-Mayi,2
C06701,48,Female,Bukavu,4
C06702,39,Female,Kolwezi,1
C06703,19,Male,Likasi,2
C06704,62,Male,Kisangani,4
C06705,22,Male,Lubumbashi,3
C06706,44,Male,Kananga,3
C06707,42,Female,Matadi,1
C06708,25,Female,Mbuji-Mayi,3
C06709,18,Female,Mbuji-Mayi,1
C06710,37,Female,Matadi,2
C06711,61,Female,Matadi,2
C06712,40,Male,Matadi,2
C06713,49,Male,Lubumbashi,3
C06714,28,Male,Kinshasa,2
C06715,56,Male,Lubumbashi,1
C06716,64,Male,Kisangani,2
C06717,41,Female,Kinshasa,2
C06718,28,Female,Kananga,1
C06719,46,Female,Matadi,1
C06720,43,Female,Lubumbashi,1
C06721,33,Female,Goma,2
C06722,52,Male,Kisangani,4
C06723,37,Male,Kananga,1
C06724,63,Male,Kananga,2
C06725,20,Female,Kolwezi,3
C06726,18,Female,Kolwezi,1
C06727,64,Female,Kananga,4
C06728,18,Female,Kinshasa,1
C06729,34,Male,Likasi,3
C06730,19,Female,Kisangani,1
C06731,46,Male,Kolwezi,1
C06732,37,Female,Mbuji-Mayi,1
C06733,23,Male,Matadi,1
C06734,25,Female,Kisangani,3
C06735,46,Female,Kananga,1
C06736,65,Male,Kananga,2
C06737,68,Male,Goma,1
C06738,50,Female,Likasi,3
C06739,20,Male,Matadi,3
C06740,52,Female,Mbuji-Mayi,2
C06741,22,Female,Bukavu,1
C06742,44,Male,Kolwezi,2
C06743,61,Female,Goma,1
C06744,29,Female,Kananga,1
C06745,37,Male,Likasi,2
C06746,62,Female,Kinshasa,4
C06747,37,Female,Goma,3
C06748,26,Female,Likasi,2
C06749,56,Female,Kisangani,2
C06750,21,Male,Kisangani,4
C06751,68,Male,Lubumbashi,2
C06752,36,Male,Goma,2
C06753,55,Female,Kisangani,4
C06754,44,Male,Kananga,1
C06755,62,Male,Kisangani,1
C06756,60,Male,Likasi,2
C06757,30,Female,Bukavu,1
C06758,30,Male,Kolwezi,1
C06759,39,Male,Kananga,2
C06760,45,Female,Matadi,2
C06761,69,Female,Likasi,4
C06762,64,Female,Bukavu,1
C06763,62,Female,Kisangani,1
C06764,39,Female,Mbuji-Mayi,1
C06765,60,Female,Lubumbashi,2
C06766,36,Male,Bukavu,3
C06767,25,Male,Kisangani,2
C06768,69,Female,Bukavu,1
C06769,25,Female,Bukavu,2
C06770,59,Male,Likasi,2
C06771,43,Female,Mbuji-Mayi,1
C06772,65,Female,Kisangani,2
C06773,68,Male,Mbuji-Mayi,2
C06774,43,Female,Goma,4
C06775,40,Female,Likasi,3
C06776,60,Male,Kolwezi,3
C06777,30,Male,Kolwezi,3
C06778,45,Male,Bukavu,3
C06779,26,Male,Kananga,4
C06780,37,Male,Lubumbashi,1
C06781,36,Female,Goma,2
C06782,65,Female,Likasi,3
C06783,56,Female,Kananga,2
C06784,68,Female,Kinshasa,1
C06785,29,Female,Lubumbashi,1
C06786,32,Male,Kolwezi,1
C06787,48,Female,Kolwezi,1
C06788,31,Female,Kananga,1
C06789,28,Female,Goma,2
C06790,43,Female,Lubumbashi,3
C06791,59,Female,Kananga,3
C06792,44,Male,Kinshasa,3
C06793,28,Female,Likasi,3
C06794,55,Female,Kananga,2
C06795,51,Female,Bukavu,1
C06796,60,Female,Kisangani,1
C06797,36,Female,Bukavu,4
C06798,23,Female,Lubumbashi,1
C06799,63,Male,Mbuji-Mayi,3
C06800,69,Female,Bukavu,1
C06801,55,Male,Kisangani,4
C06802,66,Male,Bukavu,2
C06803,59,Female,Kananga,3
C06804,45,Female,Kisangani,1
C06805,18,Female,Likasi,1
C06806,52,Male,Mbuji-Mayi,2
C06807,57,Female,Kananga,4
C06808,25,Female,Kinshasa,2
C06809,69,Female,Kinshasa,4
C06810,64,Male,Lubumbashi,3
C06811,24,Male,Matadi,3
C06812,28,Female,Bukavu,2
C06813,56,Male,Kisangani,1
C06814,21,Female,Kananga,1
C06815,42,Male,Kinshasa,4
C06816,29,Female,Mbuji-Mayi,4
C06817,43,Male,Matadi,3
C06818,55,Female,Mbuji-Mayi,1
C06819,63,Female,Bukavu,1
C06820,29,Male,Goma,4
C06821,60,Male,Matadi,1
C06822,68,Male,Kolwezi,3
C06823,54,Male,Goma,1
C06824,63,Male,Goma,2
C06825,41,Female,Bukavu,3
C06826,33,Female,Mbuji-Mayi,1
C06827,30,Male,Likasi,1
C06828,42,Female,Kinshasa,4
C06829,69,Female,Kisangani,2
C06830,21,Male,Kisangani,3
C06831,28,Female,Kananga,3
C06832,49,Female,Kananga,1
C06833,66,Male,Goma,1
C06834,24,Male,Goma,2
C06835,63,Female,Likasi,1
C06836,28,Male,Bukavu,2
C06837,45,Female,Kinshasa,3
C06838,58,Male,Kisangani,1
C06839,40,Male,Likasi,2
C06840,62,Male,Kisangani,1
C06841,40,Male,Kolwezi,1
C06842,67,Female,Kananga,2
C06843,45,Male,Kolwezi,3
C06844,60,Male,Kinshasa,1
C06845,64,Female,Kinshasa,2
C06846,43,Female,Bukavu,2
C06847,42,Female,Matadi,1
C06848,46,Female,Goma,2
C06849,36,Male,Kananga,4
C06850,50,Female,Likasi,2
C06851,53,Male,Bukavu,1
C06852,31,Female,Likasi,2
C06853,31,Male,Matadi,2
C06854,52,Female,Bukavu,1
C06855,47,Male,Mbuji-Mayi,1
C06856,45,Male,Kisangani,1
C06857,34,Female,Goma,1
C06858,20,Male,Goma,1
C06859,33,Male,Goma,2
C06860,63,Male,Kolwezi,1
C06861,47,Male,Kananga,3
C06862,69,Female,Bukavu,2
C06863,46,Male,Bukavu,3
C06864,62,Male,Kolwezi,2
C06865,32,Female,Kinshasa,1
C06866,63,Female,Kananga,2
C06867,42,Female,Matadi,3
C06868,68,Male,Matadi,1
C06869,55,Male,Goma,1
C06870,59,Female,Bukavu,1
C06871,64,Male,Lubumbashi,1
C06872,69,Female,Kinshasa,1
C06873,55,Male,Likasi,1
C06874,40,Female,Goma,1
C06875,42,Male,Matadi,2
C06876,59,Female,Matadi,1
C06877,24,Male,Kananga,2
C06878,39,Female,Kinshasa,2
C06879,34,Male,Kinshasa,2
C06880,35,Male,Lubumbashi,1
C06881,66,Male,Matadi,2
C06882,58,Female,Kisangani,1
C06883,27,Male,Kananga,2
C06884,27,Male,Bukavu,2
C06885,24,Male,Kisangani,1
C06886,65,Female,Mbuji-Mayi,1
C06887,67,Male,Kananga,1
C06888,55,Female,Likasi,1
C06889,44,Male,Bukavu,1
C06890,69,Female,Kinshasa,4
C06891,50,Female,Bukavu,1
C06892,18,Male,Kananga,2
C06893,61,Female,Matadi,2
C06894,51,Female,Mbuji-Mayi,2
C06895,21,Male,Kinshasa,4
C06896,34,Female,Kisangani,3
C06897,21,Female,Kolwezi,3
C06898,60,Female,Mbuji-Mayi,4
C06899,43,Female,Lubumbashi,1
C06900,21,Male,Kolwezi,2
C06901,18,Female,Likasi,3
C06902,24,Female,Kisangani,2
C06903,47,Male,Likasi,4
C06904,67,Male,Bukavu,1
C06905,26,Female,Matadi,2
C06906,52,Male,Bukavu,4
C06907,25,Male,Matadi,1
C06908,41,Male,Goma,3
C06909,36,Male,Goma,1
C06910,53,Male,Likasi,2
C06911,67,Male,Lubumbashi,4
C06912,69,Male,Likasi,1
C06913,60,Male,Goma,1
C06914,44,Male,Kolwezi,1
C06915,49,Female,Kolwezi,3
C06916,31,Female,Lubumbashi,3
C06917,35,Female,Lubumbashi,1
C06918,45,Female,Lubumbashi,1
C06919,46,Female,Likasi,3
C06920,33,Male,Kisangani,3
C06921,52,Male,Kananga,1
C06922,64,Female,Kinshasa,1
C06923,48,Female,Lubumbashi,3
C06924,21,Male,Kinshasa,2
C06925,54,Female,Kisangani,4
C06926,34,Male,Kananga,2
C06927,56,Female,Lubumbashi,2
C06928,65,Male,Lubumbashi,2
C06929,63,Female,Lubumbashi,4
C06930,43,Male,Kolwezi,1
C06931,65,Female,Kisangani,1
C06932,56,Female,Kinshasa,1
C06933,58,Male,Matadi,3
C06934,21,Male,Matadi,2
C06935,47,Female,Kisangani,1
C06936,47,Female,Lubumbashi,2
C06937,39,Male,Matadi,1
C06938,28,Male,Kinshasa,1
C06939,19,Male,Matadi,1
C06940,61,Female,Kinshasa,2
C06941,29,Female,Lubumbashi,3
C06942,47,Male,Lubumbashi,3
C06943,53,Female,Likasi,4
C06944,35,Female,Goma,2
C06945,43,Male,Kolwezi,3
C06946,24,Female,Kananga,1
C06947,18,Male,Kananga,1
C06948,43,Male,Bukavu,1
C06949,40,Female,Kolwezi,2
C06950,43,Female,Lubumbashi,1
C06951,62,Male,Kananga,1
C06952,23,Male,Kinshasa,2
C06953,23,Male,Bukavu,1
C06954,61,Female,Matadi,2
C06955,25,Male,Matadi,2
C06956,41,Male,Bukavu,1
C06957,39,Male,Goma,1
C06958,36,Male,Mbuji-Mayi,1
C06959,54,Female,Kinshasa,1
C06960,35,Female,Kananga,2
C06961,48,Male,Goma,3
C06962,54,Female,Kinshasa,1
C06963,47,Female,Likasi,1
C06964,59,Female,Kananga,3
C06965,50,Male,Likasi,1
C06966,27,Female,Lubumbashi,1
C06967,54,Female,Kolwezi,2
C06968,29,Male,Lubumbashi,2
C06969,47,Male,Matadi,2
C06970,44,Female,Goma,3
C06971,56,Female,Bukavu,1
C06972,26,Male,Lubumbashi,2
C06973,38,Male,Goma,1
C06974,29,Male,Kisangani,3
C06975,46,Male,Matadi,3
C06976,50,Female,Kananga,1
C06977,60,Male,Goma,1
C06978,32,Female,Kinshasa,1
C06979,19,Female,Kananga,1
C06980,69,Female,Matadi,1
C06981,56,Male,Lubumbashi,2
C06982,61,Male,Kisangani,4
C06983,35,Female,Likasi,1
C06984,20,Female,Mbuji-Mayi,1
C06985,24,Female,Kananga,1
C06986,60,Female,Kananga,1
C06987,35,Female,Bukavu,1
C06988,61,Male,Lubumbashi,3
C06989,55,Male,Kananga,1
C06990,54,Male,Bukavu,4
C06991,50,Female,Matadi,2
C06992,61,Female,Kananga,2
C06993,48,Male,Kisangani,1
C06994,28,Male,Kinshasa,2
C06995,21,Female,Mbuji-Mayi,2
C06996,35,Male,Matadi,1
C06997,21,Male,Likasi,1
C06998,66,Male,Lubumbashi,4
C06999,51,Female,Lubumbashi,1
C07000,46,Female,Lubumbashi,2
C07001,41,Male,Kisangani,1
C07002,39,Female,Matadi,1
C07003,19,Male,Kananga,1
C07004,61,Male,Kisangani,1
C07005,23,Female,Bukavu,2
C07006,59,Female,Lubumbashi,2
C07007,42,Female,Likasi,3
C07008,38,Male,Bukavu,3
C07009,33,Male,Mbuji-Mayi,1
C07010,48,Male,Kananga,2
C07011,31,Female,Kananga,3
C07012,56,Male,Goma,2
C07013,45,Male,Likasi,2
C07014,49,Male,Kisangani,3
C07015,45,Male,Kisangani,1
C07016,68,Female,Kolwezi,3
C07017,66,Female,Mbuji-Mayi,1
C07018,26,Female,Lubumbashi,2
C07019,62,Male,Goma,1
C07020,39,Male,Bukavu,3
C07021,49,Male,Kananga,2
C07022,22,Female,Kolwezi,2
C07023,40,Female,Kolwezi,3
C07024,22,Female,Mbuji-Mayi,3
C07025,59,Female,Kinshasa,3
C07026,49,Female,Kananga,1
C07027,27,Male,Kisangani,3
C07028,56,Female,Bukavu,2
C07029,32,Female,Lubumbashi,2
C07030,24,Female,Lubumbashi,4
C07031,46,Male,Likasi,1
C07032,64,Female,Kinshasa,1
C07033,20,Female,Mbuji-Mayi,2
C07034,36,Female,Lubumbashi,3
C07035,27,Male,Goma,2
C07036,45,Male,Lubumbashi,2
C07037,46,Female,Matadi,2
C07038,32,Female,Goma,2
C07039,52,Female,Bukavu,3
C07040,23,Female,Likasi,1
C07041,29,Male,Lubumbashi,2
C07042,64,Female,Kisangani,3
C07043,55,Male,Goma,2
C07044,30,Female,Likasi,1
C07045,46,Male,Kolwezi,1
C07046,36,Male,Matadi,3
C07047,20,Female,Matadi,1
C07048,25,Male,Bukavu,1
C07049,25,Female,Goma,1
C07050,37,Male,Kisangani,2
C07051,64,Male,Kinshasa,3
C07052,21,Female,Kisangani,3
C07053,68,Female,Likasi,1
C07054,38,Male,Lubumbashi,2
C07055,20,Male,Kananga,3
C07056,62,Female,Bukavu,1
C07057,25,Female,Kananga,1
C07058,40,Female,Goma,3
C07059,33,Male,Kinshasa,2
C07060,30,Female,Matadi,2
C07061,20,Female,Matadi,1
C07062,65,Male,Kolwezi,3
C07063,26,Female,Likasi,2
C07064,31,Female,Likasi,3
C07065,30,Female,Kisangani,4
C07066,24,Female,Likasi,4
C07067,32,Male,Kisangani,3
C07068,24,Female,Kisangani,1
C07069,55,Female,Lubumbashi,3
C07070,51,Female,Bukavu,1
C07071,58,Female,Kananga,3
C07072,39,Female,Lubumbashi,1
C07073,41,Female,Kinshasa,2
C07074,66,Male,Kinshasa,1
C07075,54,Male,Kinshasa,3
C07076,61,Male,Matadi,1
C07077,18,Female,Matadi,2
C07078,27,Female,Bukavu,3
C07079,60,Female,Kinshasa,2
C07080,33,Male,Goma,1
C07081,63,Female,Goma,2
C07082,25,Male,Kolwezi,1
C07083,66,Female,Lubumbashi,2
C07084,42,Female,Kananga,4
C07085,67,Male,Matadi,2
C07086,29,Male,Likasi,1
C07087,42,Male,Kananga,1
C07088,34,Male,Mbuji-Mayi,4
C07089,43,Male,Bukavu,1
C07090,63,Male,Bukavu,2
C07091,65,Female,Kinshasa,2
C07092,31,Male,Goma,3
C07093,58,Female,Kinshasa,3
C07094,53,Female,Kananga,1
C07095,40,Female,Goma,2
C07096,60,Female,Kinshasa,2
C07097,23,Female,Kananga,1
C07098,64,Male,Mbuji-Mayi,1
C07099,22,Male,Kolwezi,2
C07100,60,Male,Lubumbashi,1
C07101,42,Female,Kolwezi,3
C07102,35,Male,Mbuji-Mayi,1
C07103,30,Female,Kolwezi,1
C07104,60,Female,Likasi,1
C07105,31,Female,Matadi,1
C07106,45,Female,Matadi,2
C07107,35,Male,Likasi,1
C07108,45,Male,Matadi,3
C07109,68,Male,Kananga,4
C07110,44,Male,Matadi,3
C07111,49,Male,Bukavu,1
C07112,64,Female,Bukavu,4
C07113,26,Male,Goma,1
C07114,57,Female,Kisangani,2
C07115,49,Female,Mbuji-Mayi,2
C07116,37,Female,Bukavu,1
C07117,45,Male,Lubumbashi,3
C07118,50,Female,Goma,1
C07119,21,Female,Likasi,2
C07120,63,Male,Mbuji-Mayi,1
C07121,51,Female,Mbuji-Mayi,3
C07122,65,Female,Likasi,3
C07123,20,Female,Kisangani,1
C07124,43,Male,Kolwezi,2
C07125,25,Female,Kolwezi,3
C07126,23,Female,Kinshasa,2
C07127,33,Male,Kinshasa,2
C07128,41,Male,Goma,2
C07129,65,Female,Kinshasa,1
C07130,56,Male,Kinshasa,2
C07131,47,Male,Likasi,2
C07132,62,Male,Kolwezi,2
C07133,30,Male,Kinshasa,3
C07134,22,Male,Bukavu,1
C07135,42,Male,Lubumbashi,1
C07136,37,Male,Bukavu,1
C07137,35,Female,Kisangani,1
C07138,64,Male,Bukavu,1
C07139,35,Male,Goma,4
C07140,19,Male,Kinshasa,1
C07141,27,Female,Kinshasa,2
C07142,62,Male,Likasi,1
C07143,67,Male,Kananga,2
C07144,64,Female,Kisangani,4
C07145,29,Male,Bukavu,1
C07146,64,Female,Kananga,3
C07147,30,Female,Mbuji-Mayi,4
C07148,67,Male,Lubumbashi,2
C07149,64,Female,Lubumbashi,1
C07150,28,Male,Kolwezi,2
C07151,36,Male,Kinshasa,3
C07152,52,Female,Kolwezi,1
C07153,56,Female,Likasi,2
C07154,43,Male,Kisangani,1
C07155,63,Male,Kisangani,1
C07156,31,Female,Mbuji-Mayi,3
C07157,62,Male,Goma,2
C07158,61,Male,Kisangani,1
C07159,41,Male,Kisangani,2
C07160,58,Female,Kisangani,1
C07161,18,Male,Lubumbashi,1
C07162,68,Male,Goma,2
C07163,60,Male,Goma,2
C07164,39,Female,Matadi,1
C07165,40,Female,Bukavu,1
C07166,36,Female,Likasi,2
C07167,35,Male,Kinshasa,3
C07168,29,Female,Kisangani,3
C07169,45,Male,Kisangani,1
C07170,45,Female,Matadi,2
C07171,50,Male,Kinshasa,3
C07172,36,Female,Goma,2
C07173,45,Male,Mbuji-Mayi,4
C07174,69,Male,Lubumbashi,4
C07175,66,Female,Kisangani,1
C07176,54,Male,Likasi,1
C07177,43,Female,Likasi,1
C07178,52,Female,Kisangani,1
C07179,51,Male,Likasi,4
C07180,52,Male,Mbuji-Mayi,4
C07181,57,Female,Likasi,1
C07182,33,Female,Kananga,2
C07183,55,Female,Kinshasa,2
C07184,30,Male,Matadi,1
C07185,40,Female,Matadi,2
C07186,39,Male,Kolwezi,4
C07187,33,Male,Lubumbashi,1
C07188,45,Female,Kinshasa,1
C07189,65,Female,Kisangani,1
C07190,52,Male,Kananga,1
C07191,62,Male,Mbuji-Mayi,1
C07192,63,Male,Kolwezi,2
C07193,25,Male,Lubumbashi,2
C07194,61,Female,Lubumbashi,3
C07195,39,Male,Bukavu,1
C07196,38,Female,Kinshasa,1
C07197,43,Female,Kananga,3
C07198,57,Female,Goma,3
C07199,38,Male,Mbuji-Mayi,1
C07200,42,Male,Kolwezi,1
C07201,58,Female,Kisangani,3
C07202,18,Female,Matadi,1
C07203,23,Female,Kolwezi,1
C07204,40,Female,Likasi,2
C07205,68,Male,Lubumbashi,1
C07206,40,Female,Kisangani,1
C07207,60,Male,Mbuji-Mayi,2
C07208,60,Male,Kananga,3
C07209,40,Male,Goma,3
C07210,49,Male,Likasi,4
C07211,47,Female,Kisangani,1
C07212,30,Male,Kisangani,1
C07213,60,Female,Lubumbashi,3
C07214,35,Male,Kinshasa,2
C07215,40,Female,Likasi,1
C07216,32,Female,Lubumbashi,1
C07217,50,Female,Kolwezi,1
C07218,38,Female,Likasi,2
C07219,56,Female,Goma,1
C07220,40,Male,Matadi,4
C07221,44,Female,Kolwezi,1
C07222,62,Male,Goma,4
C07223,61,Female,Kananga,3
C07224,35,Male,Lubumbashi,2
C07225,41,Male,Goma,3
C07226,68,Male,Kinshasa,2
C07227,64,Female,Bukavu,1
C07228,57,Male,Matadi,1
C07229,68,Female,Kananga,2
C07230,59,Female,Kisangani,2
C07231,24,Male,Lubumbashi,2
C07232,67,Male,Kolwezi,2
C07233,65,Female,Bukavu,2
C07234,37,Female,Likasi,2
C07235,44,Female,Lubumbashi,2
C07236,23,Female,Mbuji-Mayi,2
C07237,44,Female,Lubumbashi,3
C07238,26,Female,Mbuji-Mayi,2
C07239,62,Male,Kisangani,3
C07240,48,Female,Kananga,2
C07241,38,Female,Matadi,2
C07242,43,Male,Lubumbashi,2
C07243,57,Male,Kisangani,1
C07244,65,Male,Likasi,4
C07245,62,Female,Bukavu,1
C07246,30,Male,Kinshasa,1
C07247,66,Male,Goma,1
C07248,40,Female,Kisangani,1
C07249,37,Female,Bukavu,3
C07250,54,Female,Mbuji-Mayi,2
C07251,45,Female,Kisangani,3
C07252,34,Male,Likasi,1
C07253,45,Female,Kisangani,1
C07254,58,Male,Matadi,1
C07255,19,Female,Mbuji-Mayi,2
C07256,42,Male,Lubumbashi,3
C07257,67,Female,Kolwezi,2
C07258,58,Female,Kinshasa,1
C07259,23,Female,Lubumbashi,4
C07260,28,Male,Goma,1
C07261,55,Male,Kisangani,2
C07262,23,Male,Kananga,2
C07263,62,Female,Kisangani,1
C07264,28,Male,Mbuji-Mayi,1
C07265,31,Female,Matadi,1
C07266,19,Female,Kisangani,3
C07267,57,Female,Goma,2
C07268,20,Male,Likasi,3
C07269,52,Female,Kisangani,2
C07270,50,Male,Lubumbashi,2
C07271,41,Female,Kolwezi,3
C07272,36,Female,Kananga,4
C07273,35,Female,Goma,1
C07274,66,Male,Goma,1
C07275,69,Male,Mbuji-Mayi,3
C07276,41,Female,Goma,4
C07277,62,Male,Kananga,4
C07278,52,Male,Lubumbashi,2
C07279,18,Female,Kolwezi,1
C07280,53,Female,Bukavu,1
C07281,42,Male,Kisangani,4
C07282,62,Female,Goma,2
C07283,66,Female,Likasi,1
C07284,60,Male,Matadi,4
C07285,51,Male,Likasi,1
C07286,42,Female,Lubumbashi,3
C07287,33,Male,Bukavu,2
C07288,51,Male,Mbuji-Mayi,1
C07289,46,Female,Lubumbashi,1
C07290,36,Female,Likasi,1
C07291,40,Female,Kananga,2
C07292,36,Female,Kisangani,2
C07293,42,Male,Lubumbashi,1
C07294,33,Male,Kinshasa,4
C07295,68,Female,Kisangani,1
C07296,26,Female,Kinshasa,1
C07297,18,Female,Goma,1
C07298,59,Female,Matadi,1
C07299,36,Male,Lubumbashi,4
C07300,50,Male,Kisangani,1
C07301,51,Female,Mbuji-Mayi,2
C07302,33,Female,Kinshasa,3
C07303,61,Male,Kolwezi,2
C07304,57,Male,Likasi,1
C07305,35,Male,Kisangani,3
C07306,51,Male,Matadi,3
C07307,42,Female,Lubumbashi,1
C07308,62,Male,Kisangani,2
C07309,23,Male,Lubumbashi,4
C07310,38,Male,Kananga,2
C07311,23,Female,Kinshasa,3
C07312,49,Female,Kisangani,4
C07313,58,Male,Kisangani,2
C07314,65,Male,Matadi,1
C07315,60,Female,Matadi,1
C07316,56,Female,Likasi,2
C07317,48,Male,Mbuji-Mayi,1
C07318,59,Female,Lubumbashi,4
C07319,27,Male,Bukavu,2
C07320,47,Female,Likasi,2
C07321,69,Male,Matadi,3
C07322,35,Male,Bukavu,2
C07323,41,Female,Goma,1
C07324,69,Male,Bukavu,1
C07325,26,Female,Kinshasa,2
C07326,48,Female,Kisangani,3
C07327,32,Female,Matadi,2
C07328,21,Male,Kisangani,1
C07329,57,Male,Likasi,1
C07330,26,Male,Kananga,3
C07331,62,Female,Matadi,4
C07332,26,Male,Matadi,1
C07333,43,Male,Kolwezi,3
C07334,21,Male,Kisangani,2
C07335,34,Male,Matadi,2
C07336,33,Female,Kananga,3
C07337,32,Male,Kananga,1
C07338,52,Female,Kinshasa,2
C07339,69,Female,Lubumbashi,1
C07340,22,Female,Matadi,1
C07341,22,Female,Kananga,2
C07342,37,Male,Kananga,1
C07343,32,Male,Kinshasa,2
C07344,35,Male,Kolwezi,1
C07345,64,Female,Lubumbashi,2
C07346,19,Male,Mbuji-Mayi,1
C07347,46,Female,Matadi,3
C07348,30,Male,Mbuji-Mayi,2
C07349,21,Male,Mbuji-Mayi,4
C07350,59,Male,Likasi,4
C07351,62,Female,Kolwezi,1
C07352,27,Male,Likasi,1
C07353,48,Female,Kisangani,2
C07354,58,Female,Bukavu,2
C07355,25,Female,Kinshasa,1
C07356,20,Male,Kananga,1
C07357,65,Male,Kananga,2
C07358,63,Female,Lubumbashi,4
C07359,26,Female,Kolwezi,4
C07360,47,Female,Kananga,1
C07361,28,Female,Likasi,1
C07362,52,Female,Bukavu,1
C07363,54,Male,Likasi,2
C07364,59,Male,Mbuji-Mayi,3
C07365,30,Male,Kisangani,3
C07366,53,Female,Kananga,2
C07367,30,Female,Mbuji-Mayi,1
C07368,29,Male,Kananga,1
C07369,54,Male,Matadi,4
C07370,27,Female,Goma,1
C07371,26,Female,Kinshasa,1
C07372,69,Female,Kinshasa,3
C07373,24,Male,Kananga,3
C07374,19,Female,Bukavu,4
C07375,40,Female,Kolwezi,1
C07376,56,Female,Lubumbashi,2
C07377,57,Male,Bukavu,2
C07378,56,Female,Kolwezi,4
C07379,38,Male,Bukavu,3
C07380,40,Female,Matadi,3
C07381,46,Female,Bukavu,1
C07382,31,Male,Lubumbashi,3
C07383,43,Female,Kinshasa,2
C07384,68,Male,Bukavu,1
C07385,22,Female,Likasi,1
C07386,48,Male,Kolwezi,2
C07387,42,Female,Kisangani,1
C07388,48,Male,Kolwezi,3
C07389,67,Male,Kinshasa,3
C07390,37,Female,Bukavu,1
C07391,61,Male,Likasi,2
C07392,34,Female,Bukavu,1
C07393,62,Male,Bukavu,2
C07394,19,Female,Kananga,2
C07395,42,Female,Matadi,3
C07396,30,Female,Lubumbashi,2
C07397,56,Female,Matadi,3
C07398,45,Male,Kisangani,3
C07399,59,Female,Kinshasa,2
C07400,23,Female,Bukavu,2
C07401,20,Female,Goma,3
C07402,52,Female,Matadi,1
C07403,35,Female,Mbuji-Mayi,3
C07404,28,Male,Goma,3
C07405,37,Female,Matadi,1
C07406,22,Male,Mbuji-Mayi,4
C07407,36,Male,Kinshasa,1
C07408,39,Female,Bukavu,4
C07409,36,Female,Likasi,1
C07410,64,Male,Likasi,3
C07411,33,Male,Matadi,2
C07412,41,Male,Bukavu,3
C07413,58,Female,Matadi,1
C07414,21,Male,Kinshasa,1
C07415,32,Male,Mbuji-Mayi,1
C07416,42,Female,Bukavu,3
C07417,61,Male,Goma,1
C07418,52,Female,Mbuji-Mayi,2
C07419,31,Male,Goma,3
C07420,66,Female,Goma,4
C07421,36,Male,Kinshasa,1
C07422,55,Female,Lubumbashi,3
C07423,53,Female,Lubumbashi,1
C07424,24,Male,Bukavu,3
C07425,47,Female,Kisangani,3
C07426,36,Male,Kolwezi,1
C07427,66,Female,Lubumbashi,1
C07428,42,Female,Bukavu,2
C07429,33,Female,Goma,2
C07430,64,Female,Likasi,4
C07431,57,Female,Lubumbashi,1
C07432,68,Female,Kinshasa,4
C07433,25,Female,Bukavu,2
C07434,35,Male,Kolwezi,4
C07435,45,Male,Matadi,3
C07436,33,Female,Kisangani,3
C07437,69,Female,Goma,1
C07438,36,Female,Goma,2
C07439,59,Male,Matadi,1
C07440,34,Female,Lubumbashi,1
C07441,62,Male,Likasi,2
C07442,30,Female,Matadi,3
C07443,24,Female,Likasi,1
C07444,44,Female,Goma,2
C07445,27,Female,Kolwezi,2
C07446,51,Female,Lubumbashi,1
C07447,53,Male,Bukavu,2
C07448,42,Female,Goma,3
C07449,23,Male,Matadi,1
C07450,41,Male,Likasi,3
C07451,35,Female,Likasi,2
C07452,40,Female,Goma,3
C07453,23,Female,Goma,1
C07454,46,Male,Kolwezi,3
C07455,42,Male,Kolwezi,1
C07456,34,Male,Kananga,2
C07457,63,Female,Matadi,1
C07458,41,Male,Kinshasa,3
C07459,28,Male,Matadi,3
C07460,43,Male,Kolwezi,1
C07461,68,Female,Kananga,1
C07462,51,Male,Lubumbashi,1
C07463,45,Male,Goma,1
C07464,20,Female,Kisangani,2
C07465,28,Female,Matadi,2
C07466,55,Female,Matadi,4
C07467,31,Male,Mbuji-Mayi,4
C07468,68,Male,Kolwezi,2
C07469,43,Male,Kisangani,1
C07470,65,Female,Bukavu,1
C07471,38,Male,Mbuji-Mayi,2
C07472,56,Female,Kinshasa,2
C07473,47,Female,Matadi,2
C07474,25,Male,Kananga,4
C07475,68,Male,Kananga,3
C07476,37,Male,Bukavu,1
C07477,65,Female,Likasi,1
C07478,49,Female,Mbuji-Mayi,3
C07479,39,Male,Mbuji-Mayi,3
C07480,24,Female,Kananga,1
C07481,26,Male,Kananga,3
C07482,62,Male,Goma,2
C07483,18,Male,Kananga,2
C07484,46,Female,Kolwezi,1
C07485,25,Female,Kananga,3
C07486,21,Male,Mbuji-Mayi,2
C07487,52,Male,Goma,1
C07488,20,Female,Kinshasa,3
C07489,62,Male,Mbuji-Mayi,3
C07490,57,Female,Kananga,3
C07491,24,Male,Kananga,1
C07492,44,Female,Kananga,4
C07493,18,Male,Goma,1
C07494,44,Female,Matadi,2
C07495,33,Male,Goma,2
C07496,55,Female,Lubumbashi,2
C07497,24,Female,Kolwezi,2
C07498,61,Female,Kisangani,3
C07499,40,Female,Kolwezi,2
C07500,58,Male,Kananga,2
C07501,28,Female,Kisangani,1
C07502,59,Female,Kinshasa,1
C07503,50,Male,Likasi,1
C07504,67,Female,Mbuji-Mayi,4
C07505,53,Male,Matadi,3
C07506,54,Female,Likasi,4
C07507,58,Female,Goma,1
C07508,34,Female,Lubumbashi,2
C07509,52,Female,Bukavu,1
C07510,65,Female,Kolwezi,3
C07511,22,Female,Likasi,1
C07512,65,Male,Lubumbashi,1
C07513,49,Male,Kananga,2
C07514,20,Female,Goma,1
C07515,69,Female,Goma,2
C07516,64,Male,Mbuji-Mayi,2
C07517,52,Male,Kisangani,3
C07518,69,Female,Kisangani,4
C07519,31,Female,Likasi,1
C07520,65,Female,Kinshasa,2
C07521,48,Female,Kisangani,3
C07522,48,Female,Kisangani,2
C07523,34,Female,Kananga,1
C07524,41,Male,Kananga,3
C07525,69,Female,Lubumbashi,1
C07526,40,Female,Goma,1
C07527,35,Male,Goma,1
C07528,67,Male,Goma,1
C07529,31,Male,Lubumbashi,1
C07530,67,Male,Bukavu,1
C07531,32,Female,Kananga,2
C07532,32,Male,Lubumbashi,1
C07533,23,Male,Goma,1
C07534,44,Female,Likasi,2
C07535,32,Male,Kananga,1
C07536,67,Male,Matadi,1
C07537,53,Female,Kisangani,2
C07538,25,Female,Kananga,1
C07539,32,Female,Kananga,1
C07540,20,Female,Goma,2
C07541,64,Female,Kolwezi,2
C07542,30,Female,Bukavu,2
C07543,58,Female,Kananga,4
C07544,51,Male,Lubumbashi,2
C07545,41,Male,Kinshasa,2
C07546,57,Female,Goma,1
C07547,49,Male,Goma,3
C07548,49,Female,Kolwezi,1
C07549,47,Male,Mbuji-Mayi,2
C07550,69,Female,Kinshasa,2
C07551,66,Male,Matadi,2
C07552,30,Female,Kisangani,4
C07553,18,Male,Mbuji-Mayi,4
C07554,51,Female,Likasi,1
C07555,32,Male,Kananga,1
C07556,61,Male,Likasi,3
C07557,31,Female,Matadi,2
C07558,46,Male,Lubumbashi,2
C07559,51,Male,Bukavu,3
C07560,35,Male,Lubumbashi,2
C07561,24,Male,Lubumbashi,4
C07562,46,Male,Lubumbashi,2
C07563,48,Female,Kinshasa,2
C07564,42,Female,Goma,2
C07565,55,Male,Kananga,3
C07566,31,Female,Kisangani,2
C07567,25,Male,Kinshasa,2
C07568,44,Female,Mbuji-Mayi,4
C07569,19,Male,Mbuji-Mayi,2
C07570,34,Male,Kinshasa,1
C07571,54,Male,Matadi,2
C07572,31,Male,Likasi,2
C07573,42,Female,Kinshasa,1
C07574,47,Female,Kinshasa,2
C07575,46,Female,Kisangani,3
C07576,37,Male,Kisangani,2
C07577,38,Female,Goma,3
C07578,39,Female,Kisangani,2
C07579,52,Male,Goma,4
C07580,54,Male,Lubumbashi,1
C07581,33,Male,Likasi,1
C07582,67,Female,Matadi,2
C07583,66,Female,Likasi,2
C07584,60,Male,Goma,1
C07585,34,Female,Kisangani,1
C07586,33,Male,Kinshasa,2
C07587,19,Female,Kananga,1
C07588,21,Male,Lubumbashi,2
C07589,38,Female,Kolwezi,3
C07590,56,Female,Mbuji-Mayi,3
C07591,51,Female,Goma,1
C07592,47,Male,Likasi,2
C07593,23,Male,Kisangani,2
C07594,34,Male,Lubumbashi,3
C07595,56,Female,Mbuji-Mayi,3
C07596,42,Male,Kolwezi,1
C07597,22,Female,Kinshasa,1
C07598,22,Male,Kinshasa,1
C07599,37,Male,Goma,1
C07600,33,Female,Goma,2
C07601,68,Female,Kisangani,2
C07602,58,Male,Kananga,1
C07603,54,Male,Kisangani,2
C07604,57,Female,Matadi,4
C07605,26,Female,Lubumbashi,2
C07606,22,Male,Lubumbashi,1
C07607,59,Female,Likasi,2
C07608,19,Male,Kinshasa,2
C07609,26,Male,Bukavu,3
C07610,60,Male,Kisangani,1
C07611,53,Female,Likasi,2
C07612,39,Male,Goma,2
C07613,39,Male,Lubumbashi,2
C07614,39,Female,Goma,3
C07615,51,Female,Kisangani,1
C07616,46,Female,Mbuji-Mayi,2
C07617,55,Male,Goma,1
C07618,63,Female,Bukavu,1
C07619,50,Female,Lubumbashi,2
C07620,35,Male,Kisangani,1
C07621,24,Male,Likasi,1
C07622,18,Male,Kananga,3
C07623,50,Male,Kananga,2
C07624,18,Female,Kisangani,1
C07625,41,Male,Kananga,2
C07626,21,Female,Lubumbashi,1
C07627,21,Male,Mbuji-Mayi,1
C07628,35,Male,Goma,2
C07629,44,Female,Bukavu,1
C07630,60,Female,Kolwezi,4
C07631,49,Female,Likasi,1
C07632,50,Male,Lubumbashi,3
C07633,45,Male,Kinshasa,3
C07634,59,Female,Matadi,4
C07635,58,Female,Matadi,2
C07636,53,Male,Likasi,3
C07637,23,Female,Lubumbashi,4
C07638,33,Female,Kisangani,1
C07639,51,Male,Goma,2
C07640,40,Female,Kisangani,1
C07641,67,Male,Kisangani,2
C07642,59,Male,Kinshasa,2
C07643,41,Male,Kananga,1
C07644,66,Female,Matadi,3
C07645,30,Female,Kolwezi,1
C07646,35,Female,Kolwezi,3
C07647,30,Female,Goma,1
C07648,66,Male,Matadi,2
C07649,54,Male,Kinshasa,1
C07650,60,Female,Likasi,1
C07651,56,Female,Lubumbashi,3
C07652,59,Female,Kisangani,1
C07653,34,Female,Kisangani,2
C07654,32,Male,Bukavu,4
C07655,35,Female,Likasi,1
C07656,40,Male,Bukavu,3
C07657,68,Female,Bukavu,1
C07658,47,Female,Kananga,1
C07659,51,Female,Kolwezi,1
C07660,21,Male,Bukavu,4
C07661,20,Female,Kisangani,1
C07662,24,Male,Matadi,3
C07663,35,Male,Matadi,4
C07664,59,Female,Kananga,1
C07665,24,Male,Matadi,2
C07666,57,Male,Kisangani,3
C07667,23,Male,Kolwezi,1
C07668,39,Female,Kolwezi,1
C07669,18,Male,Kolwezi,2
C07670,21,Male,Lubumbashi,3
C07671,63,Female,Likasi,3
C07672,66,Female,Lubumbashi,1
C07673,69,Male,Lubumbashi,1
C07674,67,Male,Lubumbashi,4
C07675,60,Male,Matadi,1
C07676,46,Male,Mbuji-Mayi,3
C07677,38,Female,Matadi,1
C07678,43,Female,Mbuji-Mayi,3
C07679,31,Male,Matadi,4
C07680,26,Female,Kisangani,1
C07681,64,Male,Likasi,1
C07682,29,Female,Kinshasa,2
C07683,59,Female,Kinshasa,1
C07684,68,Male,Lubumbashi,2
C07685,68,Male,Kinshasa,2
C07686,23,Male,Likasi,1
C07687,37,Male,Likasi,1
C07688,41,Female,Goma,3
C07689,44,Female,Kananga,2
C07690,55,Male,Likasi,1
C07691,25,Female,Kananga,2
C07692,18,Female,Kinshasa,3
C07693,66,Male,Kananga,2
C07694,66,Male,Mbuji-Mayi,1
C07695,41,Female,Kisangani,1
C07696,64,Male,Kananga,3
C07697,24,Male,Kisangani,3
C07698,36,Female,Lubumbashi,2
C07699,39,Female,Kinshasa,1
C07700,52,Male,Kisangani,2
C07701,47,Female,Bukavu,3
C07702,46,Male,Lubumbashi,1
C07703,39,Male,Kisangani,1
C07704,28,Female,Goma,2
C07705,37,Female,Kananga,3
C07706,46,Male,Goma,1
C07707,68,Male,Likasi,2
C07708,58,Male,Mbuji-Mayi,2
C07709,59,Female,Lubumbashi,2
C07710,51,Male,Kolwezi,2
C07711,18,Female,Kolwezi,2
C07712,48,Male,Kisangani,1
C07713,47,Female,Kananga,1
C07714,65,Male,Kinshasa,2
C07715,35,Female,Kolwezi,1
C07716,34,Male,Kinshasa,2
C07717,55,Male,Kolwezi,2
C07718,31,Male,Lubumbashi,1
C07719,40,Male,Kolwezi,2
C07720,42,Female,Likasi,2
C07721,32,Female,Matadi,1
C07722,63,Female,Kisangani,2
C07723,39,Female,Mbuji-Mayi,4
C07724,20,Female,Kolwezi,2
C07725,36,Male,Kananga,2
C07726,61,Female,Mbuji-Mayi,1
C07727,51,Female,Kinshasa,1
C07728,52,Female,Goma,1
C07729,67,Female,Likasi,3
C07730,18,Male,Bukavu,1
C07731,69,Male,Bukavu,1
C07732,38,Male,Mbuji-Mayi,3
C07733,46,Male,Goma,1
C07734,23,Female,Kananga,1
C07735,54,Female,Mbuji-Mayi,2
C07736,18,Male,Kinshasa,1
C07737,68,Male,Lubumbashi,2
C07738,18,Female,Mbuji-Mayi,1
C07739,44,Female,Bukavu,1
C07740,38,Male,Matadi,3
C07741,33,Male,Bukavu,3
C07742,61,Male,Goma,3
C07743,57,Male,Kinshasa,3
C07744,43,Female,Kananga,2
C07745,33,Female,Likasi,2
C07746,45,Female,Kisangani,2
C07747,18,Male,Matadi,3
C07748,53,Female,Likasi,2
C07749,27,Female,Mbuji-Mayi,1
C07750,60,Male,Matadi,3
C07751,34,Male,Goma,3
C07752,40,Male,Kinshasa,3
C07753,24,Male,Kananga,1
C07754,61,Male,Likasi,1
C07755,24,Male,Mbuji-Mayi,1
C07756,61,Female,Kinshasa,2
C07757,32,Female,Mbuji-Mayi,1
C07758,51,Female,Kananga,1
C07759,63,Female,Likasi,1
C07760,62,Female,Mbuji-Mayi,1
C07761,21,Female,Kinshasa,3
C07762,31,Male,Mbuji-Mayi,3
C07763,31,Male,Likasi,1
C07764,33,Male,Kinshasa,2
C07765,24,Female,Goma,1
C07766,49,Female,Lubumbashi,1
C07767,36,Male,Kinshasa,3
C07768,19,Male,Matadi,3
C07769,27,Male,Lubumbashi,3
C07770,67,Male,Mbuji-Mayi,2
C07771,34,Male,Likasi,3
C07772,54,Female,Kinshasa,1
C07773,29,Female,Likasi,1
C07774,23,Female,Kinshasa,1
C07775,39,Male,Likasi,3
C07776,49,Female,Matadi,1
C07777,58,Male,Kisangani,1
C07778,37,Female,Lubumbashi,2
C07779,18,Male,Lubumbashi,1
C07780,64,Male,Kinshasa,1
C07781,23,Female,Mbuji-Mayi,1
C07782,36,Female,Kananga,1
C07783,35,Female,Kananga,2
C07784,23,Female,Lubumbashi,2
C07785,62,Female,Kisangani,1
C07786,50,Male,Kananga,1
C07787,40,Female,Kolwezi,3
C07788,40,Female,Kananga,2
C07789,43,Male,Bukavu,2
C07790,30,Female,Likasi,2
C07791,24,Male,Lubumbashi,1
C07792,32,Female,Kisangani,4
C07793,61,Female,Mbuji-Mayi,2
C07794,44,Male,Kinshasa,1
C07795,43,Female,Goma,2
C07796,50,Female,Matadi,1
C07797,32,Female,Lubumbashi,1
C07798,53,Female,Kisangani,4
C07799,62,Male,Kinshasa,3
C07800,44,Male,Goma,1
C07801,22,Female,Bukavu,1
C07802,19,Female,Lubumbashi,3
C07803,50,Male,Mbuji-Mayi,1
C07804,33,Male,Matadi,2
C07805,40,Female,Goma,2
C07806,55,Male,Mbuji-Mayi,2
C07807,33,Male,Kananga,3
C07808,31,Male,Kinshasa,3
C07809,46,Male,Lubumbashi,4
C07810,43,Female,Kinshasa,1
C07811,52,Male,Goma,3
C07812,32,Female,Kolwezi,1
C07813,20,Female,Kolwezi,1
C07814,40,Male,Matadi,1
C07815,46,Female,Kananga,2
C07816,51,Female,Bukavu,1
C07817,50,Male,Kisangani,3
C07818,58,Male,Lubumbashi,2
C07819,58,Male,Lubumbashi,1
C07820,40,Female,Goma,3
C07821,24,Female,Kolwezi,3
C07822,20,Female,Likasi,2
C07823,49,Female,Bukavu,1
C07824,48,Male,Goma,3
C07825,35,Female,Bukavu,3
C07826,60,Male,Likasi,1
C07827,24,Male,Kolwezi,1
C07828,58,Male,Mbuji-Mayi,2
C07829,18,Male,Likasi,3
C07830,31,Female,Goma,1
C07831,69,Male,Kisangani,1
C07832,49,Female,Bukavu,3
C07833,23,Male,Kananga,1
C07834,56,Male,Goma,4
C07835,27,Male,Mbuji-Mayi,1
C07836,24,Female,Kisangani,2
C07837,43,Male,Kolwezi,1
C07838,51,Male,Matadi,4
C07839,47,Male,Lubumbashi,3
C07840,53,Male,Likasi,4
C07841,38,Female,Lubumbashi,2
C07842,34,Female,Goma,1
C07843,50,Male,Kolwezi,1
C07844,27,Male,Kinshasa,2
C07845,68,Female,Kisangani,2
C07846,64,Female,Kananga,4
C07847,59,Female,Lubumbashi,1
C07848,68,Male,Bukavu,3
C07849,29,Female,Mbuji-Mayi,4
C07850,33,Male,Lubumbashi,1
C07851,58,Female,Goma,3
C07852,49,Female,Kisangani,2
C07853,32,Male,Kisangani,3
C07854,44,Female,Likasi,1
C07855,45,Male,Kinshasa,1
C07856,34,Female,Likasi,1
C07857,63,Male,Matadi,4
C07858,67,Female,Kananga,3
C07859,19,Female,Kolwezi,1
C07860,53,Male,Goma,4
C07861,67,Male,Goma,2
C07862,24,Male,Kolwezi,3
C07863,30,Male,Kolwezi,1
C07864,32,Female,Kolwezi,1
C07865,42,Female,Kinshasa,2
C07866,40,Female,Kolwezi,1
C07867,39,Female,Kolwezi,2
C07868,43,Female,Lubumbashi,2
C07869,50,Female,Bukavu,1
C07870,28,Male,Kisangani,1
C07871,27,Female,Kolwezi,4
C07872,42,Female,Lubumbashi,1
C07873,54,Male,Matadi,1
C07874,65,Female,Kisangani,2
C07875,60,Female,Kananga,2
C07876,55,Female,Kisangani,3
C07877,58,Male,Kinshasa,3
C07878,62,Male,Kolwezi,1
C07879,41,Female,Kisangani,1
C07880,57,Male,Matadi,3
C07881,63,Female,Kinshasa,4
C07882,50,Female,Kolwezi,2
C07883,34,Female,Likasi,1
C07884,41,Male,Kisangani,1
C07885,54,Female,Kolwezi,1
C07886,19,Female,Likasi,3
C07887,49,Female,Kinshasa,1
C07888,41,Female,Mbuji-Mayi,1
C07889,26,Female,Bukavu,2
C07890,21,Male,Mbuji-Mayi,2
C07891,34,Female,Likasi,2
C07892,34,Male,Goma,2
C07893,67,Female,Bukavu,3
C07894,65,Male,Bukavu,1
C07895,47,Female,Matadi,2
C07896,57,Female,Matadi,1
C07897,28,Male,Kolwezi,1
C07898,38,Male,Kisangani,2
C07899,38,Female,Mbuji-Mayi,2
C07900,35,Male,Kananga,3
C07901,46,Male,Goma,2
C07902,41,Female,Kananga,3
C07903,27,Female,Kolwezi,2
C07904,62,Female,Likasi,2
C07905,34,Female,Bukavu,2
C07906,35,Female,Goma,1
C07907,59,Male,Kolwezi,1
C07908,65,Female,Goma,2
C07909,37,Male,Lubumbashi,1
C07910,54,Female,Mbuji-Mayi,2
C07911,62,Female,Matadi,2
C07912,35,Male,Mbuji-Mayi,4
C07913,34,Female,Kananga,3
C07914,26,Male,Goma,1
C07915,31,Male,Kinshasa,2
C07916,66,Male,Matadi,1
C07917,46,Female,Kananga,1
C07918,48,Female,Lubumbashi,3
C07919,21,Female,Lubumbashi,1
C07920,35,Female,Kinshasa,1
C07921,37,Female,Bukavu,4
C07922,64,Female,Goma,3
C07923,60,Male,Lubumbashi,3
C07924,61,Female,Matadi,3
C07925,26,Female,Kananga,3
C07926,30,Female,Kinshasa,1
C07927,32,Female,Bukavu,2
C07928,44,Male,Bukavu,2
C07929,32,Male,Kolwezi,1
C07930,45,Male,Kananga,3
C07931,54,Male,Matadi,2
C07932,36,Male,Lubumbashi,1
C07933,43,Female,Kolwezi,1
C07934,69,Male,Kisangani,1
C07935,43,Male,Matadi,3
C07936,42,Female,Goma,2
C07937,43,Female,Kananga,2
C07938,43,Male,Kinshasa,2
C07939,63,Female,Lubumbashi,2
C07940,45,Female,Kisangani,3
C07941,66,Male,Goma,2
C07942,35,Female,Kinshasa,4
C07943,49,Male,Lubumbashi,4
C07944,20,Male,Likasi,4
C07945,19,Female,Likasi,2
C07946,50,Male,Bukavu,4
C07947,59,Male,Kisangani,2
C07948,36,Female,Kisangani,3
C07949,34,Female,Likasi,4
C07950,61,Female,Kolwezi,4
C07951,50,Female,Kolwezi,3
C07952,29,Male,Bukavu,2
C07953,66,Female,Lubumbashi,1
C07954,20,Female,Kolwezi,1
C07955,60,Male,Kolwezi,3
C07956,66,Male,Mbuji-Mayi,1
C07957,43,Male,Mbuji-Mayi,2
C07958,52,Male,Matadi,2
C07959,25,Female,Mbuji-Mayi,2
C07960,69,Female,Lubumbashi,4
C07961,53,Male,Lubumbashi,2
C07962,24,Male,Mbuji-Mayi,3
C07963,63,Male,Goma,2
C07964,63,Male,Kinshasa,3
C07965,53,Female,Bukavu,1
C07966,33,Male,Lubumbashi,1
C07967,41,Female,Likasi,4
C07968,18,Male,Lubumbashi,2
C07969,66,Female,Matadi,2
C07970,42,Female,Lubumbashi,2
C07971,27,Female,Kisangani,1
C07972,33,Female,Likasi,2
C07973,33,Male,Kinshasa,1
C07974,25,Female,Lubumbashi,2
C07975,46,Male,Mbuji-Mayi,2
C07976,56,Female,Lubumbashi,2
C07977,45,Female,Bukavu,2
C07978,23,Male,Matadi,4
C07979,33,Male,Bukavu,2
C07980,37,Female,Kinshasa,3
C07981,33,Female,Kinshasa,2
C07982,24,Male,Kinshasa,2
C07983,58,Female,Matadi,1
C07984,31,Male,Bukavu,1
C07985,60,Male,Kolwezi,2
C07986,43,Male,Kisangani,1
C07987,43,Female,Kinshasa,3
C07988,31,Female,Goma,2
C07989,24,Male,Bukavu,3
C07990,50,Male,Bukavu,4
C07991,43,Male,Mbuji-Mayi,1
C07992,62,Male,Kananga,1
C07993,37,Female,Kananga,2
C07994,20,Male,Likasi,1
C07995,69,Female,Matadi,1
C07996,21,Male,Kinshasa,3
C07997,43,Female,Mbuji-Mayi,4
C07998,28,Female,Kinshasa,3
C07999,19,Female,Kinshasa,2
C08000,31,Female,Mbuji-Mayi,2
C08001,61,Female,Mbuji-Mayi,2
C08002,47,Male,Kisangani,2
C08003,66,Male,Lubumbashi,2
C08004,29,Female,Kananga,1
C08005,43,Male,Lubumbashi,4
C08006,61,Male,Likasi,3
C08007,50,Male,Mbuji-Mayi,2
C08008,30,Male,Matadi,4
C08009,31,Male,Likasi,1
C08010,41,Male,Mbuji-Mayi,1
C08011,51,Male,Lubumbashi,3
C08012,61,Female,Kolwezi,4
C08013,43,Male,Kolwezi,2
C08014,38,Male,Kananga,1
C08015,45,Male,Goma,3
C08016,65,Female,Matadi,1
C08017,53,Female,Kinshasa,2
C08018,57,Male,Bukavu,1
C08019,19,Female,Likasi,4
C08020,59,Female,Mbuji-Mayi,2
C08021,26,Male,Kolwezi,3
C08022,40,Female,Goma,1
C08023,32,Male,Matadi,1
C08024,30,Female,Matadi,4
C08025,40,Male,Kolwezi,1
C08026,34,Female,Bukavu,2
C08027,65,Male,Goma,1
C08028,19,Male,Kisangani,3
C08029,37,Female,Bukavu,1
C08030,37,Male,Lubumbashi,2
C08031,63,Male,Matadi,2
C08032,20,Female,Goma,2
C08033,29,Male,Kolwezi,1
C08034,57,Male,Matadi,3
C08035,19,Female,Bukavu,2
C08036,53,Male,Kinshasa,1
C08037,31,Female,Kinshasa,2
C08038,33,Male,Matadi,4
C08039,36,Female,Goma,1
C08040,51,Female,Goma,2
C08041,61,Male,Likasi,3
C08042,63,Female,Lubumbashi,1
C08043,23,Male,Likasi,1
C08044,30,Male,Likasi,2
C08045,53,Female,Lubumbashi,3
C08046,39,Male,Kolwezi,1
C08047,35,Male,Kinshasa,3
C08048,29,Female,Kolwezi,2
C08049,69,Male,Likasi,1
C08050,47,Male,Goma,2
C08051,68,Female,Lubumbashi,4
C08052,57,Male,Bukavu,1
C08053,24,Male,Mbuji-Mayi,2
C08054,49,Female,Mbuji-Mayi,2
C08055,65,Male,Kananga,1
C08056,36,Male,Matadi,1
C08057,23,Female,Kisangani,1
C08058,37,Male,Kisangani,1
C08059,44,Male,Bukavu,1
C08060,60,Female,Kananga,3
C08061,54,Female,Kinshasa,4
C08062,65,Male,Bukavu,1
C08063,24,Male,Likasi,2
C08064,22,Female,Bukavu,1
C08065,28,Male,Mbuji-Mayi,1
C08066,32,Male,Kisangani,1
C08067,20,Male,Kinshasa,1
C08068,22,Female,Matadi,4
C08069,40,Male,Likasi,1
C08070,54,Male,Matadi,2
C08071,26,Female,Mbuji-Mayi,1
C08072,32,Female,Kananga,1
C08073,20,Female,Matadi,3
C08074,46,Male,Kananga,1
C08075,23,Male,Likasi,4
C08076,34,Female,Kisangani,1
C08077,43,Male,Goma,2
C08078,38,Male,Bukavu,4
C08079,25,Male,Kolwezi,1
C08080,38,Male,Kinshasa,2
C08081,28,Female,Lubumbashi,3
C08082,55,Female,Lubumbashi,1
C08083,25,Male,Likasi,2
C08084,59,Female,Bukavu,1
C08085,41,Male,Bukavu,1
C08086,52,Male,Bukavu,1
C08087,31,Female,Kinshasa,4
C08088,31,Female,Kisangani,1
C08089,27,Male,Goma,1
C08090,29,Male,Bukavu,2
C08091,55,Male,Kolwezi,1
C08092,61,Male,Goma,2
C08093,63,Female,Kinshasa,1
C08094,51,Female,Bukavu,3
C08095,58,Male,Likasi,2
C08096,27,Male,Kinshasa,1
C08097,34,Female,Goma,1
C08098,34,Male,Kananga,2
C08099,20,Female,Kananga,3
C08100,48,Male,Likasi,1
C08101,68,Female,Matadi,1
C08102,18,Male,Lubumbashi,1
C08103,29,Male,Likasi,2
C08104,56,Male,Kananga,4
C08105,21,Female,Likasi,1
C08106,59,Female,Mbuji-Mayi,1
C08107,30,Male,Kananga,1
C08108,51,Male,Kisangani,1
C08109,59,Male,Bukavu,2
C08110,38,Male,Kisangani,4
C08111,39,Female,Matadi,1
C08112,21,Female,Likasi,3
C08113,35,Female,Mbuji-Mayi,1
C08114,22,Male,Kananga,3
C08115,36,Male,Bukavu,2
C08116,19,Female,Mbuji-Mayi,1
C08117,29,Male,Mbuji-Mayi,4
C08118,34,Female,Kisangani,1
C08119,27,Female,Lubumbashi,2
C08120,51,Female,Goma,3
C08121,23,Female,Lubumbashi,1
C08122,25,Male,Likasi,2
C08123,68,Female,Likasi,3
C08124,28,Male,Lubumbashi,4
C08125,29,Female,Goma,3
C08126,26,Female,Kananga,1
C08127,19,Female,Mbuji-Mayi,2
C08128,25,Female,Mbuji-Mayi,3
C08129,28,Male,Lubumbashi,2
C08130,53,Male,Lubumbashi,3
C08131,27,Male,Kinshasa,1
C08132,38,Male,Goma,1
C08133,37,Female,Kisangani,2
C08134,65,Male,Mbuji-Mayi,4
C08135,25,Male,Kisangani,2
C08136,53,Female,Bukavu,4
C08137,46,Male,Kananga,4
C08138,59,Male,Lubumbashi,4
C08139,29,Male,Kinshasa,4
C08140,31,Male,Kinshasa,3
C08141,65,Female,Likasi,3
C08142,67,Female,Bukavu,2
C08143,38,Male,Kananga,1
C08144,39,Female,Kananga,1
C08145,38,Male,Matadi,1
C08146,61,Male,Lubumbashi,1
C08147,67,Male,Likasi,1
C08148,47,Female,Goma,4
C08149,56,Female,Goma,2
C08150,37,Female,Kolwezi,1
C08151,41,Female,Kananga,3
C08152,40,Female,Kisangani,2
C08153,24,Female,Bukavu,1
C08154,26,Male,Kinshasa,3
C08155,18,Female,Lubumbashi,1
C08156,43,Male,Bukavu,2
C08157,55,Male,Mbuji-Mayi,1
C08158,55,Female,Matadi,2
C08159,61,Male,Kinshasa,3
C08160,39,Male,Bukavu,1
C08161,61,Male,Bukavu,4
C08162,27,Female,Matadi,1
C08163,23,Female,Bukavu,2
C08164,34,Male,Likasi,4
C08165,68,Female,Kinshasa,4
C08166,67,Male,Mbuji-Mayi,1
C08167,55,Female,Kinshasa,1
C08168,41,Male,Matadi,3
C08169,68,Male,Mbuji-Mayi,1
C08170,27,Female,Goma,2
C08171,25,Female,Lubumbashi,3
C08172,38,Female,Kananga,2
C08173,23,Female,Goma,1
C08174,38,Female,Likasi,2
C08175,56,Male,Kinshasa,4
C08176,41,Male,Mbuji-Mayi,2
C08177,50,Male,Lubumbashi,3
C08178,35,Female,Lubumbashi,1
C08179,45,Female,Matadi,1
C08180,69,Male,Matadi,1
C08181,49,Male,Matadi,2
C08182,29,Male,Kisangani,1
C08183,65,Male,Kinshasa,2
C08184,59,Female,Kolwezi,3
C08185,44,Male,Likasi,3
C08186,27,Female,Bukavu,1
C08187,63,Male,Likasi,3
C08188,69,Female,Kananga,2
C08189,59,Female,Matadi,1
C08190,49,Female,Kananga,1
C08191,59,Female,Likasi,2
C08192,43,Male,Kisangani,1
C08193,42,Male,Kananga,1
C08194,28,Male,Kinshasa,1
C08195,40,Female,Mbuji-Mayi,1
C08196,51,Male,Kolwezi,4
C08197,69,Male,Kolwezi,3
C08198,57,Male,Likasi,2
C08199,40,Female,Bukavu,4
C08200,46,Female,Matadi,2
C08201,48,Female,Likasi,3
C08202,24,Male,Kananga,1
C08203,57,Male,Kisangani,2
C08204,50,Male,Mbuji-Mayi,1
C08205,38,Female,Kolwezi,2
C08206,19,Male,Goma,1
C08207,35,Female,Kolwezi,1
C08208,64,Female,Mbuji-Mayi,1
C08209,50,Female,Kinshasa,1
C08210,54,Female,Kananga,3
C08211,51,Male,Lubumbashi,1
C08212,37,Male,Kisangani,3
C08213,52,Female,Bukavu,2
C08214,68,Male,Goma,2
C08215,67,Female,Likasi,1
C08216,35,Male,Matadi,4
C08217,63,Male,Matadi,1
C08218,41,Female,Matadi,2
C08219,25,Female,Goma,2
C08220,47,Female,Mbuji-Mayi,2
C08221,61,Female,Bukavu,1
C08222,27,Male,Kolwezi,2
C08223,40,Female,Likasi,3
C08224,69,Male,Lubumbashi,3
C08225,66,Female,Bukavu,4
C08226,28,Male,Likasi,1
C08227,19,Female,Lubumbashi,1
C08228,43,Male,Kisangani,1
C08229,53,Male,Mbuji-Mayi,4
C08230,50,Male,Kisangani,1
C08231,64,Female,Mbuji-Mayi,2
C08232,30,Female,Kananga,4
C08233,57,Female,Kolwezi,2
C08234,42,Female,Kinshasa,2
C08235,21,Male,Kinshasa,1
C08236,59,Male,Mbuji-Mayi,2
C08237,36,Male,Kinshasa,4
C08238,35,Female,Goma,2
C08239,54,Male,Likasi,1
C08240,47,Male,Bukavu,1
C08241,36,Female,Kisangani,1
C08242,40,Female,Kananga,2
C08243,33,Male,Kolwezi,1
C08244,18,Female,Kolwezi,2
C08245,29,Female,Kananga,2
C08246,41,Female,Matadi,3
C08247,51,Female,Matadi,1
C08248,25,Male,Matadi,3
C08249,35,Male,Kananga,2
C08250,65,Male,Kinshasa,1
C08251,22,Male,Lubumbashi,4
C08252,43,Male,Kananga,1
C08253,47,Female,Kinshasa,2
C08254,30,Male,Bukavu,1
C08255,36,Male,Kananga,2
C08256,46,Female,Kisangani,2
C08257,20,Female,Kinshasa,1
C08258,43,Female,Kolwezi,2
C08259,57,Male,Mbuji-Mayi,2
C08260,29,Female,Mbuji-Mayi,3
C08261,19,Female,Kananga,1
C08262,28,Female,Kisangani,1
C08263,61,Male,Kisangani,2
C08264,45,Female,Mbuji-Mayi,1
C08265,35,Female,Kinshasa,2
C08266,30,Male,Bukavu,1
C08267,54,Female,Kananga,1
C08268,39,Male,Bukavu,3
C08269,29,Male,Matadi,3
C08270,19,Female,Lubumbashi,2
C08271,54,Male,Goma,3
C08272,24,Female,Matadi,3
C08273,43,Female,Likasi,2
C08274,43,Female,Kolwezi,4
C08275,41,Female,Goma,2
C08276,29,Male,Kolwezi,2
C08277,33,Female,Kananga,2
C08278,40,Female,Matadi,4
C08279,57,Female,Kisangani,1
C08280,26,Male,Mbuji-Mayi,1
C08281,49,Male,Mbuji-Mayi,1
C08282,32,Female,Bukavu,1
C08283,54,Male,Goma,1
C08284,30,Male,Likasi,3
C08285,22,Female,Matadi,2
C08286,28,Female,Mbuji-Mayi,1
C08287,27,Female,Kinshasa,3
C08288,69,Female,Kisangani,2
C08289,30,Female,Kolwezi,2
C08290,58,Male,Kananga,1
C08291,63,Female,Bukavu,3
C08292,67,Female,Goma,1
C08293,32,Female,Lubumbashi,1
C08294,59,Female,Mbuji-Mayi,1
C08295,24,Female,Bukavu,3
C08296,57,Male,Kinshasa,2
C08297,45,Female,Kinshasa,1
C08298,49,Male,Likasi,1
C08299,52,Female,Goma,2
C08300,32,Female,Likasi,2
C08301,65,Female,Goma,1
C08302,53,Male,Mbuji-Mayi,3
C08303,38,Female,Matadi,4
C08304,23,Female,Kananga,1
C08305,18,Female,Kolwezi,2
C08306,21,Female,Kolwezi,1
C08307,28,Female,Matadi,3
C08308,61,Female,Kinshasa,2
C08309,43,Female,Kisangani,1
C08310,54,Male,Kananga,3
C08311,40,Female,Mbuji-Mayi,3
C08312,46,Female,Matadi,1
C08313,38,Female,Kananga,1
C08314,65,Male,Kolwezi,1
C08315,62,Male,Kananga,2
C08316,62,Female,Goma,3
C08317,66,Male,Bukavu,2
C08318,44,Female,Goma,2
C08319,56,Female,Matadi,3
C08320,57,Male,Mbuji-Mayi,2
C08321,30,Female,Lubumbashi,2
C08322,40,Male,Likasi,2
C08323,33,Male,Likasi,3
C08324,47,Male,Lubumbashi,1
C08325,21,Female,Kananga,1
C08326,57,Female,Lubumbashi,1
C08327,33,Female,Likasi,3
C08328,48,Female,Kinshasa,2
C08329,59,Female,Kolwezi,1
C08330,42,Female,Likasi,4
C08331,61,Female,Likasi,4
C08332,29,Male,Kinshasa,4
C08333,43,Female,Likasi,1
C08334,54,Female,Kananga,3
C08335,65,Female,Kinshasa,1
C08336,50,Male,Kolwezi,1
C08337,45,Male,Mbuji-Mayi,1
C08338,26,Male,Goma,2
C08339,29,Female,Mbuji-Mayi,1
C08340,22,Male,Kinshasa,2
C08341,69,Male,Kinshasa,3
C08342,45,Female,Matadi,1
C08343,52,Female,Bukavu,1
C08344,22,Female,Bukavu,1
C08345,51,Male,Kinshasa,4
C08346,63,Female,Goma,1
C08347,51,Female,Matadi,2
C08348,30,Female,Lubumbashi,1
C08349,56,Female,Kisangani,3
C08350,59,Female,Goma,1
C08351,62,Female,Kinshasa,2
C08352,65,Male,Kinshasa,2
C08353,31,Female,Goma,3
C08354,28,Male,Kananga,1
C08355,59,Male,Matadi,2
C08356,55,Female,Kinshasa,1
C08357,21,Male,Kisangani,4
C08358,50,Male,Lubumbashi,2
C08359,24,Male,Mbuji-Mayi,2
C08360,58,Female,Kolwezi,2
C08361,25,Male,Kisangani,1
C08362,54,Male,Kolwezi,1
C08363,68,Male,Likasi,2
C08364,27,Male,Kananga,4
C08365,60,Female,Kisangani,1
C08366,32,Female,Bukavu,3
C08367,55,Male,Kananga,1
C08368,32,Female,Bukavu,4
C08369,22,Female,Lubumbashi,1
C08370,46,Male,Lubumbashi,1
C08371,36,Female,Lubumbashi,2
C08372,68,Female,Kananga,3
C08373,27,Male,Lubumbashi,3
C08374,29,Male,Goma,2
C08375,21,Female,Kolwezi,2
C08376,48,Female,Kolwezi,1
C08377,35,Female,Matadi,1
C08378,33,Female,Bukavu,1
C08379,57,Male,Kolwezi,2
C08380,53,Male,Kinshasa,2
C08381,42,Male,Kolwezi,3
C08382,40,Male,Kinshasa,3
C08383,29,Male,Matadi,1
C08384,51,Female,Likasi,3
C08385,53,Female,Kananga,1
C08386,54,Male,Kisangani,3
C08387,20,Male,Likasi,1
C08388,26,Male,Matadi,3
C08389,35,Female,Kolwezi,2
C08390,60,Female,Kolwezi,2
C08391,52,Female,Bukavu,2
C08392,51,Male,Kananga,1
C08393,58,Male,Matadi,1
C08394,31,Male,Lubumbashi,2
C08395,21,Male,Kisangani,3
C08396,46,Male,Likasi,1
C08397,58,Female,Goma,1
C08398,62,Male,Goma,2
C08399,67,Female,Goma,2
C08400,32,Female,Matadi,2
C08401,45,Female,Lubumbashi,3
C08402,59,Female,Mbuji-Mayi,2
C08403,33,Female,Goma,1
C08404,29,Male,Likasi,1
C08405,69,Male,Mbuji-Mayi,2
C08406,22,Male,Kisangani,2
C08407,51,Female,Bukavu,1
C08408,59,Female,Lubumbashi,4
C08409,18,Female,Bukavu,1
C08410,56,Female,Likasi,2
C08411,49,Female,Kananga,1
C08412,43,Female,Kananga,3
C08413,34,Male,Goma,3
C08414,65,Female,Likasi,1
C08415,44,Female,Bukavu,4
C08416,41,Male,Matadi,1
C08417,52,Female,Mbuji-Mayi,2
C08418,63,Male,Goma,3
C08419,59,Male,Mbuji-Mayi,3
C08420,56,Male,Kolwezi,4
C08421,43,Female,Kolwezi,3
C08422,66,Male,Kolwezi,4
C08423,55,Male,Kananga,1
C08424,40,Female,Kinshasa,1
C08425,39,Male,Likasi,2
C08426,21,Female,Kananga,3
C08427,66,Female,Likasi,2
C08428,26,Male,Kisangani,1
C08429,21,Female,Bukavu,3
C08430,24,Female,Kolwezi,4
C08431,40,Male,Kolwezi,2
C08432,19,Male,Kisangani,1
C08433,66,Male,Lubumbashi,1
C08434,41,Male,Kinshasa,1
C08435,57,Female,Lubumbashi,2
C08436,48,Male,Kananga,4
C08437,64,Male,Lubumbashi,1
C08438,48,Male,Likasi,2
C08439,64,Female,Matadi,2
C08440,57,Female,Likasi,1
C08441,65,Female,Goma,2
C08442,68,Female,Kananga,3
C08443,60,Female,Kolwezi,3
C08444,51,Male,Kananga,2
C08445,41,Female,Lubumbashi,3
C08446,66,Female,Mbuji-Mayi,1
C08447,43,Female,Kananga,1
C08448,33,Male,Bukavu,1
C08449,64,Male,Kananga,1
C08450,30,Female,Likasi,1
C08451,32,Male,Mbuji-Mayi,1
C08452,44,Female,Kinshasa,2
C08453,21,Male,Likasi,2
C08454,33,Male,Mbuji-Mayi,1
C08455,47,Female,Mbuji-Mayi,1
C08456,61,Male,Kananga,2
C08457,47,Female,Kisangani,1
C08458,53,Female,Matadi,2
C08459,20,Female,Kisangani,3
C08460,39,Male,Mbuji-Mayi,1
C08461,66,Male,Kananga,1
C08462,39,Female,Matadi,1
C08463,67,Female,Kolwezi,1
C08464,67,Male,Bukavu,4
C08465,66,Female,Lubumbashi,1
C08466,29,Male,Matadi,2
C08467,38,Male,Kolwezi,3
C08468,21,Male,Kolwezi,1
C08469,48,Female,Bukavu,1
C08470,61,Female,Goma,3
C08471,48,Male,Kinshasa,3
C08472,40,Female,Bukavu,1
C08473,37,Female,Kinshasa,1
C08474,32,Male,Goma,3
C08475,40,Male,Goma,1
C08476,45,Female,Bukavu,1
C08477,33,Male,Kinshasa,1
C08478,54,Female,Kisangani,1
C08479,38,Male,Lubumbashi,1
C08480,32,Male,Kisangani,2
C08481,34,Female,Kinshasa,3
C08482,67,Female,Likasi,2
C08483,54,Female,Likasi,1
C08484,30,Female,Kolwezi,2
C08485,36,Female,Likasi,3
C08486,47,Male,Likasi,1
C08487,62,Male,Lubumbashi,1
C08488,35,Female,Goma,1
C08489,31,Male,Kolwezi,1
C08490,53,Female,Goma,4
C08491,53,Male,Kinshasa,2
C08492,37,Male,Bukavu,1
C08493,69,Female,Kolwezi,3
C08494,36,Female,Matadi,1
C08495,62,Female,Kolwezi,1
C08496,61,Male,Mbuji-Mayi,1
C08497,24,Female,Goma,2
C08498,61,Female,Kinshasa,1
C08499,21,Female,Likasi,1
C08500,51,Female,Mbuji-Mayi,1
C08501,19,Female,Kananga,1
C08502,22,Female,Matadi,2
C08503,27,Male,Kisangani,3
C08504,49,Male,Goma,3
C08505,59,Male,Kisangani,2
C08506,58,Male,Kinshasa,4
C08507,30,Female,Kisangani,1
C08508,56,Female,Kinshasa,1
C08509,22,Male,Kinshasa,2
C08510,27,Male,Lubumbashi,1
C08511,27,Male,Lubumbashi,2
C08512,55,Female,Matadi,1
C08513,44,Female,Kinshasa,1
C08514,68,Female,Matadi,2
C08515,38,Male,Lubumbashi,4
C08516,25,Male,Matadi,1
C08517,18,Male,Matadi,1
C08518,45,Male,Bukavu,3
C08519,66,Male,Bukavu,1
C08520,56,Female,Kinshasa,1
C08521,31,Female,Mbuji-Mayi,1
C08522,38,Female,Kisangani,3
C08523,47,Female,Matadi,3
C08524,38,Female,Mbuji-Mayi,2
C08525,66,Male,Lubumbashi,1
C08526,26,Female,Goma,1
C08527,34,Male,Kisangani,1
C08528,22,Female,Likasi,4
C08529,48,Male,Kisangani,2
C08530,69,Male,Matadi,1
C08531,57,Male,Kinshasa,2
C08532,55,Male,Kinshasa,2
C08533,60,Male,Matadi,4
C08534,36,Male,Matadi,3
C08535,53,Female,Kananga,1
C08536,67,Male,Kisangani,3
C08537,50,Male,Bukavu,2
C08538,30,Female,Bukavu,1
C08539,31,Male,Likasi,2
C08540,50,Female,Mbuji-Mayi,2
C08541,46,Female,Likasi,1
C08542,60,Male,Goma,2
C08543,66,Male,Goma,2
C08544,53,Female,Kananga,1
C08545,61,Male,Kinshasa,1
C08546,27,Female,Kisangani,2
C08547,48,Male,Goma,1
C08548,23,Female,Mbuji-Mayi,3
C08549,18,Male,Kisangani,1
C08550,24,Male,Kisangani,1
C08551,44,Female,Bukavu,1
C08552,38,Female,Kinshasa,2
C08553,45,Female,Goma,2
C08554,33,Female,Bukavu,2
C08555,63,Male,Kolwezi,1
C08556,40,Female,Lubumbashi,3
C08557,69,Female,Kolwezi,1
C08558,37,Male,Kolwezi,1
C08559,55,Male,Lubumbashi,1
C08560,42,Female,Kolwezi,1
C08561,45,Male,Goma,1
C08562,22,Female,Kisangani,1
C08563,38,Male,Bukavu,1
C08564,35,Female,Matadi,3
C08565,64,Male,Kananga,1
C08566,23,Female,Bukavu,3
C08567,46,Female,Mbuji-Mayi,2
C08568,36,Male,Kinshasa,1
C08569,50,Male,Goma,2
C08570,18,Female,Bukavu,2
C08571,62,Female,Goma,1
C08572,20,Male,Likasi,4
C08573,59,Male,Lubumbashi,2
C08574,38,Male,Matadi,3
C08575,52,Male,Mbuji-Mayi,3
C08576,58,Male,Kisangani,1
C08577,57,Male,Kisangani,1
C08578,20,Male,Bukavu,1
C08579,42,Male,Kolwezi,3
C08580,62,Male,Lubumbashi,3
C08581,55,Female,Kolwezi,2
C08582,62,Male,Kolwezi,1
C08583,37,Male,Mbuji-Mayi,1
C08584,69,Female,Goma,3
C08585,61,Female,Bukavu,4
C08586,62,Female,Kisangani,1
C08587,51,Female,Kinshasa,1
C08588,38,Female,Kolwezi,1
C08589,65,Female,Likasi,1
C08590,40,Male,Mbuji-Mayi,3
C08591,23,Female,Kananga,2
C08592,68,Female,Bukavu,2
C08593,30,Female,Likasi,2
C08594,66,Male,Kolwezi,1
C08595,40,Female,Goma,1
C08596,26,Male,Mbuji-Mayi,3
C08597,34,Female,Matadi,2
C08598,19,Female,Kinshasa,1
C08599,36,Male,Mbuji-Mayi,1
C08600,36,Male,Likasi,1
C08601,24,Female,Kisangani,1
C08602,59,Male,Kinshasa,2
C08603,59,Male,Matadi,2
C08604,37,Female,Kananga,2
C08605,26,Female,Bukavu,3
C08606,34,Female,Kolwezi,2
C08607,44,Male,Lubumbashi,1
C08608,64,Female,Goma,1
C08609,19,Female,Likasi,3
C08610,53,Male,Mbuji-Mayi,2
C08611,36,Male,Kisangani,1
C08612,34,Female,Goma,2
C08613,22,Male,Kisangani,2
C08614,56,Female,Mbuji-Mayi,3
C08615,35,Male,Likasi,4
C08616,24,Female,Kananga,2
C08617,34,Male,Kananga,3
C08618,56,Male,Matadi,1
C08619,53,Male,Kolwezi,2
C08620,57,Male,Bukavu,3
C08621,62,Female,Lubumbashi,2
C08622,21,Male,Bukavu,2
C08623,55,Female,Matadi,3
C08624,42,Male,Kananga,1
C08625,22,Male,Kisangani,1
C08626,47,Female,Matadi,2
C08627,29,Male,Kolwezi,3
C08628,21,Male,Likasi,3
C08629,41,Female,Kolwezi,2
C08630,46,Male,Kinshasa,3
C08631,26,Female,Kolwezi,3
C08632,21,Male,Likasi,1
C08633,68,Male,Goma,3
C08634,41,Male,Mbuji-Mayi,1
C08635,31,Female,Likasi,1
C08636,22,Male,Kolwezi,1
C08637,35,Male,Kananga,1
C08638,59,Male,Matadi,1
C08639,36,Male,Matadi,1
C08640,29,Male,Matadi,1
C08641,35,Male,Kananga,1
C08642,34,Male,Kisangani,2
C08643,47,Male,Mbuji-Mayi,3
C08644,41,Male,Likasi,3
C08645,28,Female,Kolwezi,3
C08646,52,Male,Kisangani,2
C08647,40,Female,Kolwezi,3
C08648,34,Female,Matadi,1
C08649,18,Female,Kolwezi,1
C08650,32,Male,Kananga,2
C08651,49,Female,Goma,2
C08652,26,Female,Kolwezi,3
C08653,32,Female,Kisangani,2
C08654,45,Male,Likasi,1
C08655,41,Female,Mbuji-Mayi,3
C08656,52,Male,Matadi,2
C08657,39,Female,Kinshasa,3
C08658,44,Female,Likasi,3
C08659,36,Male,Goma,1
C08660,62,Male,Lubumbashi,1
C08661,29,Female,Kolwezi,1
C08662,37,Female,Kolwezi,1
C08663,18,Female,Mbuji-Mayi,1
C08664,38,Male,Mbuji-Mayi,2
C08665,66,Male,Matadi,4
C08666,62,Female,Kinshasa,3
C08667,18,Female,Kinshasa,3
C08668,27,Male,Kananga,1
C08669,64,Male,Matadi,1
C08670,49,Female,Matadi,2
C08671,56,Male,Goma,1
C08672,39,Female,Bukavu,3
C08673,35,Male,Goma,4
C08674,65,Female,Kolwezi,1
C08675,63,Female,Lubumbashi,3
C08676,49,Female,Matadi,1
C08677,44,Male,Kinshasa,2
C08678,45,Female,Mbuji-Mayi,1
C08679,35,Female,Lubumbashi,1
C08680,56,Male,Kinshasa,3
C08681,66,Female,Kinshasa,3
C08682,46,Female,Lubumbashi,2
C08683,35,Female,Mbuji-Mayi,2
C08684,61,Male,Bukavu,2
C08685,25,Male,Kananga,3
C08686,48,Male,Matadi,4
C08687,51,Male,Goma,3
C08688,24,Female,Kolwezi,3
C08689,53,Male,Goma,2
C08690,35,Male,Kinshasa,2
C08691,55,Male,Matadi,1
C08692,26,Female,Mbuji-Mayi,1
C08693,26,Female,Mbuji-Mayi,3
C08694,63,Female,Mbuji-Mayi,3
C08695,25,Male,Kolwezi,2
C08696,68,Female,Kolwezi,2
C08697,52,Female,Matadi,1
C08698,35,Male,Bukavu,1
C08699,22,Female,Kinshasa,2
C08700,31,Male,Mbuji-Mayi,2
C08701,45,Male,Mbuji-Mayi,4
C08702,47,Female,Mbuji-Mayi,1
C08703,21,Male,Kolwezi,2
C08704,56,Male,Bukavu,1
C08705,37,Male,Goma,4
C08706,42,Male,Bukavu,3
C08707,45,Male,Kolwezi,2
C08708,29,Male,Goma,4
C08709,19,Female,Lubumbashi,2
C08710,60,Male,Matadi,1
C08711,31,Male,Lubumbashi,2
C08712,39,Male,Matadi,1
C08713,48,Male,Mbuji-Mayi,2
C08714,40,Female,Lubumbashi,4
C08715,65,Female,Kolwezi,3
C08716,37,Male,Kinshasa,1
C08717,55,Female,Goma,1
C08718,21,Male,Kisangani,1
C08719,32,Male,Likasi,1
C08720,41,Male,Kinshasa,1
C08721,42,Male,Lubumbashi,2
C08722,18,Female,Goma,3
C08723,24,Female,Lubumbashi,3
C08724,48,Male,Lubumbashi,1
C08725,29,Male,Kananga,1
C08726,59,Female,Kisangani,1
C08727,22,Female,Kananga,1
C08728,61,Male,Kananga,1
C08729,67,Female,Bukavu,1
C08730,59,Male,Kolwezi,2
C08731,55,Female,Kolwezi,3
C08732,29,Female,Kananga,2
C08733,56,Female,Mbuji-Mayi,3
C08734,35,Female,Bukavu,1
C08735,19,Male,Lubumbashi,3
C08736,27,Male,Kisangani,1
C08737,32,Female,Kananga,1
C08738,47,Male,Kisangani,1
C08739,61,Female,Matadi,1
C08740,34,Female,Bukavu,2
C08741,21,Male,Kisangani,4
C08742,24,Male,Lubumbashi,3
C08743,58,Male,Matadi,1
C08744,48,Female,Mbuji-Mayi,2
C08745,68,Male,Lubumbashi,2
C08746,56,Male,Likasi,3
C08747,51,Male,Kolwezi,3
C08748,23,Male,Kinshasa,2
C08749,67,Female,Goma,2
C08750,55,Female,Kinshasa,3
C08751,62,Female,Mbuji-Mayi,1
C08752,68,Female,Kolwezi,1
C08753,51,Female,Kisangani,2
C08754,61,Female,Bukavu,3
C08755,32,Female,Lubumbashi,2
C08756,31,Male,Kolwezi,4
C08757,23,Female,Kolwezi,1
C08758,67,Female,Kananga,2
C08759,54,Female,Goma,1
C08760,67,Female,Lubumbashi,4
C08761,49,Male,Kolwezi,1
C08762,20,Female,Kananga,2
C08763,20,Female,Matadi,1
C08764,39,Male,Mbuji-Mayi,2
C08765,39,Female,Mbuji-Mayi,3
C08766,27,Female,Bukavu,1
C08767,68,Female,Bukavu,3
C08768,20,Female,Kolwezi,4
C08769,29,Female,Kolwezi,1
C08770,46,Female,Lubumbashi,3
C08771,65,Female,Goma,1
C08772,34,Male,Kolwezi,1
C08773,24,Male,Mbuji-Mayi,2
C08774,30,Female,Kisangani,3
C08775,19,Male,Kolwezi,1
C08776,21,Female,Kananga,1
C08777,27,Male,Mbuji-Mayi,4
C08778,56,Female,Kolwezi,3
C08779,41,Male,Kinshasa,1
C08780,34,Female,Kinshasa,2
C08781,69,Male,Kinshasa,1
C08782,23,Male,Goma,1
C08783,36,Female,Likasi,2
C08784,22,Female,Kananga,2
C08785,49,Male,Kananga,1
C08786,27,Male,Mbuji-Mayi,3
C08787,26,Female,Kisangani,1
C08788,44,Male,Mbuji-Mayi,2
C08789,30,Female,Lubumbashi,1
C08790,36,Male,Matadi,2
C08791,38,Male,Kinshasa,1
C08792,41,Female,Kisangani,2
C08793,55,Female,Matadi,2
C08794,21,Female,Matadi,1
C08795,41,Male,Matadi,1
C08796,52,Male,Goma,2
C08797,20,Male,Kolwezi,1
C08798,21,Female,Matadi,2
C08799,54,Male,Kolwezi,2
C08800,57,Male,Bukavu,2
C08801,65,Female,Kinshasa,4
C08802,52,Male,Matadi,2
C08803,48,Male,Kananga,3
C08804,61,Female,Kolwezi,3
C08805,42,Female,Kananga,4
C08806,57,Female,Kananga,1
C08807,30,Female,Likasi,3
C08808,21,Female,Matadi,4
C08809,63,Female,Bukavu,1
C08810,31,Female,Kisangani,1
C08811,30,Female,Kananga,4
C08812,44,Female,Kinshasa,2
C08813,23,Male,Lubumbashi,1
C08814,34,Female,Kananga,3
C08815,53,Female,Kinshasa,1
C08816,57,Male,Mbuji-Mayi,1
C08817,66,Female,Kinshasa,2
C08818,52,Male,Goma,2
C08819,34,Male,Kisangani,3
C08820,58,Female,Mbuji-Mayi,2
C08821,19,Male,Likasi,3
C08822,30,Female,Kinshasa,1
C08823,69,Female,Kinshasa,2
C08824,19,Male,Kolwezi,1
C08825,69,Male,Bukavu,1
C08826,45,Male,Kisangani,3
C08827,60,Female,Goma,1
C08828,43,Female,Kananga,3
C08829,39,Male,Goma,1
C08830,64,Female,Likasi,1
C08831,60,Female,Matadi,1
C08832,20,Male,Matadi,3
C08833,52,Male,Goma,1
C08834,29,Male,Likasi,2
C08835,41,Male,Kananga,2
C08836,22,Male,Mbuji-Mayi,1
C08837,37,Male,Bukavu,2
C08838,56,Male,Bukavu,2
C08839,56,Male,Goma,4
C08840,30,Male,Bukavu,1
C08841,58,Male,Goma,1
C08842,62,Female,Matadi,1
C08843,29,Female,Kinshasa,2
C08844,30,Male,Mbuji-Mayi,2
C08845,27,Female,Bukavu,4
C08846,50,Female,Lubumbashi,3
C08847,57,Female,Matadi,1
C08848,33,Female,Likasi,2
C08849,62,Female,Lubumbashi,3
C08850,52,Female,Kolwezi,4
C08851,20,Male,Bukavu,1
C08852,22,Male,Goma,2
C08853,43,Female,Bukavu,3
C08854,28,Female,Kananga,1
C08855,24,Male,Kananga,2
C08856,27,Female,Kisangani,4
C08857,59,Female,Mbuji-Mayi,3
C08858,69,Female,Kananga,1
C08859,51,Female,Kinshasa,1
C08860,20,Female,Goma,1
C08861,25,Male,Bukavu,4
C08862,48,Male,Mbuji-Mayi,4
C08863,28,Female,Mbuji-Mayi,3
C08864,62,Male,Kolwezi,2
C08865,24,Female,Lubumbashi,1
C08866,62,Female,Kisangani,2
C08867,19,Female,Bukavu,1
C08868,23,Female,Kisangani,2
C08869,58,Female,Mbuji-Mayi,2
C08870,49,Female,Kananga,2
C08871,37,Female,Matadi,4
C08872,51,Female,Kisangani,1
C08873,67,Female,Kinshasa,3
C08874,33,Male,Matadi,2
C08875,42,Female,Goma,3
C08876,29,Male,Matadi,2
C08877,24,Male,Kinshasa,1
C08878,56,Female,Lubumbashi,1
C08879,34,Male,Bukavu,1
C08880,62,Female,Kisangani,1
C08881,28,Female,Kananga,3
C08882,23,Female,Lubumbashi,1
C08883,40,Female,Kinshasa,2
C08884,44,Male,Lubumbashi,1
C08885,63,Male,Kisangani,2
C08886,23,Female,Lubumbashi,3
C08887,55,Male,Goma,1
C08888,19,Male,Kolwezi,2
C08889,39,Male,Kisangani,3
C08890,37,Female,Bukavu,1
C08891,42,Male,Matadi,3
C08892,32,Male,Kisangani,1
C08893,66,Male,Kinshasa,1
C08894,46,Female,Lubumbashi,2
C08895,25,Male,Kisangani,1
C08896,54,Male,Lubumbashi,3
C08897,66,Female,Kananga,1
C08898,69,Male,Likasi,1
C08899,50,Female,Bukavu,2
C08900,39,Female,Mbuji-Mayi,2
C08901,67,Female,Likasi,3
C08902,64,Female,Kisangani,1
C08903,22,Female,Kinshasa,3
C08904,56,Female,Kolwezi,4
C08905,35,Male,Bukavu,2
C08906,55,Female,Mbuji-Mayi,3
C08907,54,Male,Kananga,2
C08908,47,Male,Kolwezi,1
C08909,68,Female,Matadi,1
C08910,48,Male,Lubumbashi,1
C08911,27,Male,Likasi,4
C08912,32,Male,Kolwezi,1
C08913,59,Female,Lubumbashi,2
C08914,65,Male,Mbuji-Mayi,1
C08915,61,Male,Kananga,2
C08916,35,Female,Mbuji-Mayi,1
C08917,40,Male,Kananga,3
C08918,50,Male,Kananga,1
C08919,33,Male,Goma,3
C08920,55,Female,Goma,3
C08921,52,Male,Bukavu,2
C08922,51,Male,Goma,1
C08923,45,Female,Goma,1
C08924,19,Female,Lubumbashi,3
C08925,47,Female,Kisangani,1
C08926,30,Male,Likasi,1
C08927,58,Female,Likasi,2
C08928,33,Female,Matadi,1
C08929,22,Female,Kinshasa,1
C08930,45,Male,Kananga,2
C08931,56,Female,Mbuji-Mayi,1
C08932,62,Female,Lubumbashi,1
C08933,37,Female,Kananga,2
C08934,41,Female,Kinshasa,1
C08935,44,Female,Goma,3
C08936,47,Male,Matadi,1
C08937,62,Male,Goma,2
C08938,44,Female,Kananga,2
C08939,43,Female,Matadi,2
C08940,24,Female,Kinshasa,1
C08941,59,Male,Mbuji-Mayi,1
C08942,64,Male,Mbuji-Mayi,3
C08943,55,Male,Bukavu,1
C08944,22,Male,Kolwezi,2
C08945,40,Female,Kolwezi,4
C08946,45,Female,Mbuji-Mayi,2
C08947,51,Female,Kolwezi,1
C08948,32,Female,Likasi,1
C08949,49,Male,Kisangani,4
C08950,43,Female,Kinshasa,2
C08951,65,Male,Kisangani,2
C08952,48,Male,Kolwezi,2
C08953,36,Female,Goma,3
C08954,26,Male,Bukavu,3
C08955,46,Male,Kolwezi,1
C08956,68,Female,Lubumbashi,2
C08957,56,Male,Kananga,2
C08958,21,Male,Matadi,1
C08959,20,Female,Goma,3
C08960,46,Male,Kananga,1
C08961,69,Male,Likasi,2
C08962,28,Female,Bukavu,1
C08963,50,Male,Lubumbashi,1
C08964,55,Female,Likasi,2
C08965,28,Male,Likasi,4
C08966,44,Male,Likasi,2
C08967,50,Female,Mbuji-Mayi,1
C08968,38,Female,Kananga,2
C08969,56,Male,Matadi,1
C08970,48,Female,Kisangani,1
C08971,55,Male,Lubumbashi,1
C08972,63,Female,Kisangani,1
C08973,19,Male,Lubumbashi,2
C08974,44,Male,Kinshasa,2
C08975,53,Male,Mbuji-Mayi,1
C08976,28,Male,Lubumbashi,3
C08977,64,Male,Kolwezi,1
C08978,35,Female,Kolwezi,4
C08979,18,Female,Kinshasa,2
C08980,52,Male,Matadi,1
C08981,52,Male,Bukavu,4
C08982,48,Female,Mbuji-Mayi,1
C08983,45,Female,Likasi,2
C08984,56,Female,Kananga,1
C08985,18,Female,Goma,3
C08986,42,Female,Mbuji-Mayi,2
C08987,60,Male,Kinshasa,1
C08988,55,Male,Kolwezi,1
C08989,37,Female,Kananga,3
C08990,20,Female,Lubumbashi,1
C08991,68,Female,Matadi,1
C08992,19,Female,Matadi,2
C08993,35,Female,Bukavu,3
C08994,61,Female,Bukavu,1
C08995,27,Female,Mbuji-Mayi,1
C08996,22,Female,Goma,3
C08997,26,Female,Kinshasa,1
C08998,19,Male,Kananga,2
C08999,51,Female,Kolwezi,4
C09000,55,Female,Kinshasa,3
C09001,48,Male,Kinshasa,1
C09002,27,Male,Kisangani,1
C09003,67,Male,Kisangani,1
C09004,29,Female,Lubumbashi,4
C09005,53,Female,Goma,4
C09006,38,Female,Lubumbashi,1
C09007,66,Female,Kananga,2
C09008,64,Male,Kolwezi,3
C09009,23,Female,Kolwezi,1
C09010,65,Female,Kinshasa,1
C09011,66,Male,Bukavu,1
C09012,20,Female,Kolwezi,2
C09013,27,Female,Bukavu,3
C09014,22,Female,Bukavu,4
C09015,63,Female,Kananga,1
C09016,43,Male,Goma,1
C09017,38,Male,Kinshasa,2
C09018,62,Male,Kolwezi,3
C09019,43,Male,Likasi,2
C09020,55,Female,Goma,2
C09021,61,Female,Kisangani,2
C09022,43,Female,Likasi,1
C09023,25,Male,Kananga,2
C09024,22,Male,Goma,4
C09025,32,Male,Kananga,1
C09026,33,Female,Goma,2
C09027,18,Female,Bukavu,1
C09028,33,Male,Kinshasa,2
C09029,54,Male,Kolwezi,2
C09030,20,Female,Mbuji-Mayi,2
C09031,69,Female,Matadi,3
C09032,64,Female,Kinshasa,1
C09033,48,Male,Bukavu,2
C09034,30,Male,Bukavu,1
C09035,33,Male,Mbuji-Mayi,3
C09036,60,Male,Bukavu,1
C09037,38,Female,Likasi,3
C09038,19,Female,Bukavu,1
C09039,44,Female,Kisangani,1
C09040,55,Male,Kolwezi,1
C09041,43,Female,Kinshasa,4
C09042,55,Female,Matadi,1
C09043,63,Female,Likasi,1
C09044,42,Female,Likasi,1
C09045,28,Female,Matadi,1
C09046,25,Male,Bukavu,1
C09047,25,Female,Goma,2
C09048,50,Female,Likasi,1
C09049,24,Male,Likasi,2
C09050,55,Male,Kinshasa,1
C09051,38,Female,Mbuji-Mayi,2
C09052,25,Female,Kisangani,2
C09053,68,Female,Matadi,1
C09054,38,Female,Bukavu,1
C09055,37,Male,Kananga,1
C09056,25,Female,Kananga,1
C09057,63,Male,Goma,2
C09058,48,Female,Likasi,2
C09059,67,Female,Likasi,2
C09060,46,Female,Mbuji-Mayi,1
C09061,65,Male,Likasi,1
C09062,26,Female,Kananga,1
C09063,32,Female,Matadi,2
C09064,47,Male,Goma,2
C09065,43,Female,Mbuji-Mayi,1
C09066,27,Male,Kisangani,3
C09067,46,Female,Kananga,1
C09068,33,Male,Lubumbashi,4
C09069,53,Male,Kinshasa,1
C09070,37,Male,Mbuji-Mayi,3
C09071,62,Female,Mbuji-Mayi,1
C09072,54,Male,Kananga,3
C09073,39,Male,Goma,1
C09074,24,Female,Kinshasa,1
C09075,40,Male,Matadi,1
C09076,58,Female,Matadi,4
C09077,57,Female,Likasi,4
C09078,46,Male,Lubumbashi,1
C09079,33,Male,Kolwezi,2
C09080,55,Female,Kananga,2
C09081,45,Male,Goma,1
C09082,65,Male,Kinshasa,1
C09083,55,Male,Goma,4
C09084,48,Male,Kolwezi,2
C09085,31,Female,Matadi,1
C09086,50,Female,Goma,1
C09087,26,Male,Matadi,1
C09088,44,Female,Matadi,2
C09089,41,Male,Lubumbashi,1
C09090,30,Male,Matadi,2
C09091,43,Male,Bukavu,1
C09092,46,Male,Matadi,1
C09093,68,Female,Kinshasa,1
C09094,66,Male,Kinshasa,3
C09095,60,Female,Kinshasa,1
C09096,45,Male,Mbuji-Mayi,3
C09097,45,Female,Kananga,1
C09098,25,Female,Kananga,2
C09099,40,Female,Kananga,1
C09100,46,Female,Bukavu,2
C09101,22,Male,Kinshasa,3
C09102,59,Female,Likasi,1
C09103,24,Male,Kananga,1
C09104,59,Female,Kolwezi,2
C09105,53,Female,Kolwezi,1
C09106,58,Female,Goma,2
C09107,44,Male,Mbuji-Mayi,1
C09108,63,Female,Likasi,2
C09109,19,Male,Matadi,2
C09110,42,Male,Kinshasa,1
C09111,26,Male,Bukavu,2
C09112,44,Female,Mbuji-Mayi,2
C09113,18,Female,Lubumbashi,1
C09114,40,Female,Lubumbashi,1
C09115,27,Female,Kisangani,2
C09116,59,Female,Matadi,1
C09117,69,Female,Kinshasa,4
C09118,42,Female,Mbuji-Mayi,2
C09119,20,Male,Lubumbashi,1
C09120,23,Female,Kisangani,3
C09121,23,Male,Bukavu,1
C09122,19,Male,Kinshasa,2
C09123,35,Female,Lubumbashi,1
C09124,40,Female,Kananga,3
C09125,19,Male,Kolwezi,3
C09126,29,Male,Kisangani,2
C09127,39,Female,Bukavu,1
C09128,54,Male,Lubumbashi,1
C09129,37,Male,Bukavu,1
C09130,56,Male,Matadi,1
C09131,41,Male,Goma,1
C09132,65,Female,Kisangani,2
C09133,37,Female,Mbuji-Mayi,3
C09134,18,Male,Mbuji-Mayi,1
C09135,18,Male,Lubumbashi,1
C09136,34,Male,Kananga,3
C09137,18,Female,Kananga,3
C09138,69,Female,Matadi,2
C09139,62,Male,Mbuji-Mayi,1
C09140,47,Male,Kisangani,2
C09141,58,Male,Kolwezi,3
C09142,64,Female,Kananga,1
C09143,20,Male,Mbuji-Mayi,2
C09144,63,Male,Goma,2
C09145,28,Male,Kisangani,1
C09146,41,Male,Kolwezi,3
C09147,39,Male,Goma,2
C09148,61,Female,Mbuji-Mayi,2
C09149,62,Female,Lubumbashi,2
C09150,43,Female,Likasi,1
C09151,30,Male,Likasi,2
C09152,18,Female,Matadi,3
C09153,41,Male,Matadi,4
C09154,27,Female,Kolwezi,1
C09155,52,Female,Goma,1
C09156,41,Male,Mbuji-Mayi,4
C09157,45,Male,Mbuji-Mayi,2
C09158,53,Male,Lubumbashi,4
C09159,33,Female,Bukavu,1
C09160,57,Male,Matadi,1
C09161,33,Female,Bukavu,1
C09162,34,Female,Bukavu,3
C09163,68,Female,Lubumbashi,3
C09164,32,Male,Bukavu,2
C09165,33,Male,Bukavu,1
C09166,32,Male,Lubumbashi,1
C09167,51,Female,Kananga,2
C09168,28,Female,Bukavu,2
C09169,18,Male,Matadi,2
C09170,32,Female,Lubumbashi,1
C09171,43,Female,Kisangani,2
C09172,68,Female,Bukavu,1
C09173,21,Male,Kananga,2
C09174,60,Female,Matadi,2
C09175,22,Female,Kinshasa,4
C09176,52,Male,Matadi,2
C09177,30,Male,Goma,1
C09178,27,Male,Kisangani,1
C09179,28,Male,Likasi,4
C09180,35,Male,Mbuji-Mayi,1
C09181,51,Male,Goma,1
C09182,56,Female,Lubumbashi,4
C09183,58,Female,Lubumbashi,2
C09184,59,Female,Mbuji-Mayi,2
C09185,67,Female,Kolwezi,1
C09186,40,Male,Kolwezi,3
C09187,24,Female,Mbuji-Mayi,1
C09188,56,Male,Lubumbashi,1
C09189,20,Male,Matadi,1
C09190,29,Female,Kisangani,1
C09191,24,Female,Kananga,4
C09192,66,Male,Likasi,2
C09193,43,Male,Kisangani,2
C09194,50,Male,Mbuji-Mayi,4
C09195,54,Male,Lubumbashi,1
C09196,65,Female,Kolwezi,1
C09197,32,Male,Lubumbashi,2
C09198,19,Female,Kolwezi,2
C09199,58,Male,Kisangani,2
C09200,24,Male,Goma,1
C09201,49,Male,Matadi,2
C09202,21,Female,Kisangani,1
C09203,37,Male,Matadi,1
C09204,67,Female,Bukavu,1
C09205,53,Female,Kisangani,1
C09206,49,Female,Kinshasa,1
C09207,45,Male,Kinshasa,1
C09208,30,Female,Matadi,4
C09209,18,Female,Bukavu,4
C09210,52,Male,Matadi,2
C09211,65,Male,Mbuji-Mayi,4
C09212,47,Female,Kinshasa,4
C09213,53,Female,Lubumbashi,1
C09214,42,Male,Matadi,2
C09215,33,Female,Matadi,4
C09216,36,Female,Likasi,2
C09217,18,Female,Kananga,1
C09218,22,Male,Kananga,2
C09219,68,Female,Kolwezi,1
C09220,39,Male,Bukavu,1
C09221,41,Male,Kinshasa,1
C09222,60,Male,Kinshasa,1
C09223,62,Female,Kananga,1
C09224,69,Male,Matadi,3
C09225,54,Female,Matadi,1
C09226,53,Male,Kinshasa,1
C09227,53,Female,Bukavu,1
C09228,21,Female,Goma,2
C09229,53,Female,Mbuji-Mayi,4
C09230,69,Male,Likasi,1
C09231,35,Female,Kinshasa,1
C09232,67,Female,Kolwezi,2
C09233,33,Male,Goma,2
C09234,58,Male,Kinshasa,1
C09235,35,Female,Likasi,1
C09236,39,Male,Kananga,2
C09237,19,Male,Kinshasa,1
C09238,38,Male,Goma,4
C09239,53,Female,Mbuji-Mayi,1
C09240,61,Male,Matadi,1
C09241,56,Female,Kisangani,3
C09242,64,Male,Kananga,3
C09243,56,Male,Goma,1
C09244,46,Female,Kolwezi,4
C09245,43,Male,Kolwezi,2
C09246,38,Male,Lubumbashi,1
C09247,34,Male,Kisangani,2
C09248,33,Male,Kinshasa,1
C09249,48,Female,Lubumbashi,1
C09250,68,Female,Kolwezi,1
C09251,26,Female,Kinshasa,2
C09252,48,Female,Lubumbashi,3
C09253,31,Female,Kinshasa,1
C09254,66,Female,Mbuji-Mayi,1
C09255,54,Female,Kisangani,2
C09256,19,Male,Kananga,2
C09257,69,Female,Kananga,3
C09258,65,Female,Kananga,1
C09259,63,Female,Kolwezi,2
C09260,31,Male,Mbuji-Mayi,1
C09261,50,Female,Likasi,3
C09262,52,Female,Kisangani,1
C09263,56,Female,Goma,1
C09264,64,Male,Bukavu,2
C09265,68,Female,Likasi,3
C09266,37,Male,Goma,2
C09267,19,Male,Kananga,4
C09268,68,Male,Goma,1
C09269,58,Male,Kinshasa,2
C09270,36,Female,Kinshasa,2
C09271,54,Male,Goma,2
C09272,35,Male,Matadi,3
C09273,33,Female,Lubumbashi,3
C09274,21,Male,Bukavu,2
C09275,29,Male,Kolwezi,2
C09276,46,Male,Goma,4
C09277,24,Male,Kisangani,1
C09278,31,Male,Matadi,3
C09279,29,Male,Mbuji-Mayi,4
C09280,52,Female,Matadi,2
C09281,22,Female,Bukavu,3
C09282,34,Female,Kisangani,1
C09283,59,Female,Matadi,1
C09284,49,Male,Kolwezi,2
C09285,27,Male,Lubumbashi,1
C09286,60,Male,Kisangani,2
C09287,34,Female,Kinshasa,3
C09288,22,Female,Kolwezi,1
C09289,62,Male,Kananga,1
C09290,59,Male,Mbuji-Mayi,2
C09291,26,Female,Bukavu,1
C09292,66,Female,Bukavu,2
C09293,50,Female,Goma,2
C09294,53,Female,Bukavu,1
C09295,53,Male,Bukavu,1
C09296,35,Female,Lubumbashi,3
C09297,26,Female,Mbuji-Mayi,1
C09298,46,Male,Lubumbashi,2
C09299,67,Male,Kinshasa,4
C09300,31,Male,Kisangani,3
C09301,42,Female,Matadi,1
C09302,32,Female,Mbuji-Mayi,2
C09303,23,Female,Matadi,3
C09304,59,Female,Kananga,2
C09305,46,Male,Lubumbashi,3
C09306,32,Male,Kolwezi,2
C09307,46,Female,Matadi,1
C09308,21,Female,Kolwezi,2
C09309,35,Female,Goma,2
C09310,67,Male,Mbuji-Mayi,2
C09311,66,Female,Goma,1
C09312,61,Male,Kisangani,1
C09313,56,Female,Goma,4
C09314,33,Male,Kolwezi,1
C09315,28,Male,Bukavu,1
C09316,31,Female,Lubumbashi,3
C09317,20,Male,Goma,2
C09318,68,Male,Kisangani,1
C09319,67,Female,Mbuji-Mayi,2
C09320,59,Male,Likasi,2
C09321,55,Female,Kisangani,2
C09322,62,Male,Lubumbashi,4
C09323,59,Male,Matadi,1
C09324,35,Male,Kinshasa,2
C09325,37,Male,Mbuji-Mayi,1
C09326,65,Female,Kolwezi,1
C09327,42,Female,Kinshasa,3
C09328,55,Female,Kisangani,1
C09329,30,Male,Kisangani,2
C09330,21,Male,Kisangani,1
C09331,31,Female,Kinshasa,1
C09332,50,Female,Goma,2
C09333,45,Female,Lubumbashi,2
C09334,69,Female,Mbuji-Mayi,1
C09335,54,Male,Lubumbashi,4
C09336,25,Female,Mbuji-Mayi,1
C09337,61,Male,Mbuji-Mayi,1
C09338,51,Female,Matadi,1
C09339,61,Male,Kisangani,1
C09340,22,Female,Likasi,1
C09341,22,Female,Kananga,3
C09342,48,Male,Lubumbashi,2
C09343,62,Male,Matadi,1
C09344,26,Female,Kisangani,4
C09345,59,Male,Bukavu,1
C09346,49,Female,Bukavu,1
C09347,50,Male,Goma,1
C09348,20,Female,Kinshasa,1
C09349,47,Female,Bukavu,2
C09350,67,Female,Kolwezi,1
C09351,29,Female,Kisangani,2
C09352,46,Female,Kananga,2
C09353,20,Female,Likasi,3
C09354,43,Female,Kisangani,3
C09355,47,Female,Bukavu,1
C09356,26,Male,Kananga,1
C09357,43,Male,Likasi,2
C09358,19,Male,Goma,1
C09359,20,Female,Goma,1
C09360,63,Female,Matadi,2
C09361,21,Female,Likasi,1
C09362,42,Male,Likasi,3
C09363,68,Male,Kolwezi,1
C09364,30,Male,Likasi,4
C09365,56,Male,Bukavu,3
C09366,61,Male,Kolwezi,1
C09367,52,Female,Likasi,2
C09368,40,Male,Lubumbashi,2
C09369,26,Female,Matadi,2
C09370,19,Female,Matadi,2
C09371,58,Female,Lubumbashi,2
C09372,61,Male,Kolwezi,1
C09373,48,Male,Goma,1
C09374,61,Female,Lubumbashi,4
C09375,64,Male,Kisangani,1
C09376,19,Male,Kinshasa,1
C09377,49,Female,Kananga,1
C09378,35,Female,Goma,3
C09379,30,Female,Goma,2
C09380,63,Female,Mbuji-Mayi,3
C09381,22,Female,Goma,3
C09382,59,Male,Matadi,3
C09383,61,Female,Goma,2
C09384,27,Male,Kisangani,1
C09385,60,Male,Goma,1
C09386,42,Female,Likasi,2
C09387,51,Female,Matadi,1
C09388,54,Male,Lubumbashi,2
C09389,47,Female,Lubumbashi,2
C09390,24,Male,Bukavu,2
C09391,23,Female,Kinshasa,1
C09392,20,Female,Kinshasa,1
C09393,30,Male,Likasi,3
C09394,20,Male,Kinshasa,1
C09395,43,Female,Goma,2
C09396,41,Female,Lubumbashi,2
C09397,23,Female,Goma,4
C09398,60,Male,Mbuji-Mayi,3
C09399,66,Female,Bukavu,2
C09400,59,Female,Lubumbashi,2
C09401,29,Female,Kinshasa,1
C09402,66,Female,Kananga,1
C09403,53,Male,Goma,3
C09404,19,Male,Kisangani,2
C09405,28,Male,Kananga,2
C09406,56,Female,Kisangani,1
C09407,51,Female,Mbuji-Mayi,3
C09408,43,Female,Kinshasa,1
C09409,35,Male,Goma,3
C09410,38,Male,Goma,2
C09411,53,Male,Kisangani,1
C09412,57,Male,Goma,1
C09413,69,Female,Mbuji-Mayi,1
C09414,63,Male,Matadi,3
C09415,61,Male,Matadi,3
C09416,39,Female,Kisangani,2
C09417,47,Male,Kinshasa,2
C09418,67,Female,Kisangani,2
C09419,60,Female,Kolwezi,2
C09420,47,Female,Goma,2
C09421,25,Female,Goma,1
C09422,51,Female,Matadi,3
C09423,64,Male,Kananga,3
C09424,26,Male,Kisangani,1
C09425,68,Female,Kinshasa,3
C09426,37,Male,Matadi,2
C09427,57,Female,Kisangani,1
C09428,42,Male,Lubumbashi,1
C09429,36,Male,Kinshasa,2
C09430,22,Male,Kinshasa,3
C09431,28,Male,Likasi,3
C09432,32,Male,Kananga,2
C09433,25,Male,Mbuji-Mayi,1
C09434,36,Male,Kinshasa,1
C09435,40,Female,Likasi,1
C09436,44,Female,Goma,3
C09437,57,Female,Kisangani,4
C09438,49,Male,Bukavu,1
C09439,43,Male,Bukavu,3
C09440,44,Female,Kananga,2
C09441,36,Female,Goma,1
C09442,67,Male,Kinshasa,2
C09443,59,Female,Goma,3
C09444,46,Female,Likasi,1
C09445,56,Female,Lubumbashi,3
C09446,58,Female,Mbuji-Mayi,1
C09447,50,Male,Kolwezi,1
C09448,36,Female,Mbuji-Mayi,1
C09449,54,Female,Kinshasa,3
C09450,36,Female,Goma,2
C09451,50,Female,Mbuji-Mayi,3
C09452,64,Male,Kisangani,2
C09453,33,Female,Mbuji-Mayi,2
C09454,40,Female,Likasi,3
C09455,24,Female,Mbuji-Mayi,2
C09456,43,Female,Kisangani,3
C09457,49,Female,Kolwezi,1
C09458,29,Male,Kolwezi,2
C09459,25,Female,Kisangani,3
C09460,22,Female,Goma,3
C09461,59,Male,Lubumbashi,1
C09462,45,Female,Kinshasa,2
C09463,22,Male,Kananga,2
C09464,66,Female,Bukavu,1
C09465,43,Male,Goma,1
C09466,22,Male,Mbuji-Mayi,1
C09467,39,Female,Bukavu,3
C09468,32,Male,Bukavu,3
C09469,30,Female,Kisangani,1
C09470,45,Male,Matadi,3
C09471,50,Male,Lubumbashi,1
C09472,60,Female,Lubumbashi,2
C09473,40,Male,Matadi,3
C09474,50,Female,Kinshasa,3
C09475,60,Male,Matadi,1
C09476,35,Male,Kananga,3
C09477,67,Female,Kananga,2
C09478,47,Female,Kisangani,3
C09479,43,Male,Mbuji-Mayi,2
C09480,33,Female,Bukavu,3
C09481,30,Female,Lubumbashi,1
C09482,56,Male,Lubumbashi,2
C09483,50,Male,Matadi,2
C09484,43,Female,Matadi,2
C09485,65,Male,Matadi,2
C09486,18,Female,Kinshasa,4
C09487,66,Female,Matadi,3
C09488,55,Female,Mbuji-Mayi,1
C09489,19,Female,Bukavu,3
C09490,66,Female,Goma,1
C09491,23,Female,Goma,2
C09492,63,Male,Mbuji-Mayi,3
C09493,67,Female,Likasi,1
C09494,55,Male,Kananga,3
C09495,59,Female,Goma,3
C09496,41,Male,Kinshasa,2
C09497,35,Male,Likasi,1
C09498,44,Male,Kolwezi,2
C09499,58,Female,Kinshasa,4
C09500,25,Male,Lubumbashi,1
C09501,45,Male,Goma,2
C09502,27,Female,Kananga,1
C09503,34,Male,Matadi,1
C09504,46,Male,Matadi,3
C09505,23,Female,Bukavu,1
C09506,31,Male,Kananga,4
C09507,39,Male,Lubumbashi,2
C09508,23,Female,Kisangani,2
C09509,43,Male,Goma,1
C09510,56,Male,Bukavu,4
C09511,29,Male,Kananga,1
C09512,52,Male,Kolwezi,2
C09513,31,Female,Kinshasa,1
C09514,39,Female,Lubumbashi,2
C09515,68,Female,Kananga,2
C09516,40,Female,Goma,2
C09517,65,Male,Kinshasa,1
C09518,24,Female,Kananga,2
C09519,57,Female,Mbuji-Mayi,3
C09520,67,Male,Bukavu,2
C09521,42,Male,Kananga,1
C09522,30,Male,Mbuji-Mayi,1
C09523,38,Female,Kinshasa,1
C09524,58,Male,Kinshasa,1
C09525,27,Male,Kinshasa,1
C09526,26,Male,Kisangani,2
C09527,32,Female,Kananga,1
C09528,69,Female,Mbuji-Mayi,2
C09529,19,Female,Matadi,4
C09530,42,Female,Kolwezi,4
C09531,30,Female,Kolwezi,3
C09532,51,Female,Mbuji-Mayi,1
C09533,68,Female,Matadi,1
C09534,51,Male,Lubumbashi,3
C09535,52,Male,Kisangani,1
C09536,55,Male,Mbuji-Mayi,1
C09537,20,Female,Goma,2
C09538,59,Female,Bukavu,1
C09539,23,Male,Bukavu,3
C09540,65,Male,Likasi,3
C09541,66,Female,Kolwezi,3
C09542,36,Female,Kinshasa,3
C09543,20,Female,Goma,1
C09544,35,Female,Lubumbashi,3
C09545,56,Female,Matadi,1
C09546,26,Female,Lubumbashi,2
C09547,69,Female,Kolwezi,1
C09548,29,Female,Kinshasa,3
C09549,22,Male,Matadi,4
C09550,20,Female,Mbuji-Mayi,1
C09551,28,Female,Likasi,1
C09552,47,Female,Matadi,1
C09553,21,Male,Kolwezi,2
C09554,22,Male,Lubumbashi,1
C09555,18,Female,Bukavu,3
C09556,44,Male,Lubumbashi,2
C09557,45,Male,Lubumbashi,2
C09558,46,Male,Lubumbashi,3
C09559,35,Female,Likasi,1
C09560,29,Female,Kolwezi,1
C09561,30,Female,Goma,3
C09562,58,Female,Likasi,3
C09563,19,Female,Likasi,1
C09564,54,Female,Kolwezi,1
C09565,62,Female,Kisangani,1
C09566,33,Male,Likasi,1
C09567,65,Female,Matadi,1
C09568,41,Female,Kisangani,2
C09569,52,Female,Kolwezi,3
C09570,39,Female,Kananga,1
C09571,53,Female,Kananga,2
C09572,28,Female,Goma,1
C09573,63,Female,Mbuji-Mayi,2
C09574,46,Female,Likasi,2
C09575,52,Male,Lubumbashi,3
C09576,65,Male,Mbuji-Mayi,1
C09577,32,Female,Mbuji-Mayi,1
C09578,48,Female,Kisangani,2
C09579,59,Male,Matadi,1
C09580,58,Female,Kananga,1
C09581,60,Female,Bukavu,1
C09582,33,Male,Matadi,2
C09583,27,Female,Kananga,1
C09584,66,Female,Bukavu,4
C09585,49,Female,Likasi,2
C09586,68,Male,Kinshasa,1
C09587,19,Male,Kolwezi,2
C09588,41,Female,Kinshasa,1
C09589,40,Male,Matadi,2
C09590,19,Male,Goma,2
C09591,55,Male,Matadi,2
C09592,48,Female,Kisangani,3
C09593,68,Male,Bukavu,1
C09594,57,Male,Bukavu,4
C09595,43,Male,Likasi,3
C09596,46,Female,Kinshasa,1
C09597,20,Male,Likasi,1
C09598,31,Male,Kinshasa,1
C09599,42,Female,Bukavu,1
C09600,65,Male,Matadi,2
C09601,18,Male,Goma,1
C09602,20,Male,Bukavu,4
C09603,43,Female,Mbuji-Mayi,1
C09604,35,Female,Kananga,1
C09605,26,Male,Kinshasa,1
C09606,55,Male,Kinshasa,1
C09607,40,Male,Kisangani,3
C09608,38,Male,Likasi,2
C09609,18,Male,Kolwezi,1
C09610,38,Male,Kolwezi,3
C09611,44,Female,Kisangani,3
C09612,59,Male,Bukavu,3
C09613,23,Male,Kinshasa,3
C09614,61,Male,Lubumbashi,2
C09615,53,Female,Goma,2
C09616,45,Male,Mbuji-Mayi,1
C09617,62,Female,Matadi,1
C09618,34,Male,Matadi,2
C09619,57,Male,Kolwezi,3
C09620,69,Male,Kolwezi,2
C09621,20,Male,Kisangani,4
C09622,29,Male,Kinshasa,1
C09623,56,Male,Likasi,2
C09624,29,Female,Matadi,2
C09625,19,Male,Kinshasa,2
C09626,63,Male,Mbuji-Mayi,2
C09627,39,Male,Goma,1
C09628,40,Female,Goma,1
C09629,47,Male,Matadi,4
C09630,22,Female,Lubumbashi,1
C09631,26,Male,Kisangani,2
C09632,38,Male,Matadi,2
C09633,28,Female,Mbuji-Mayi,1
C09634,22,Female,Lubumbashi,3
C09635,52,Male,Kananga,3
C09636,44,Female,Bukavu,4
C09637,66,Female,Kolwezi,1
C09638,19,Male,Kolwezi,2
C09639,41,Male,Lubumbashi,3
C09640,48,Male,Matadi,4
C09641,50,Female,Kolwezi,4
C09642,56,Male,Kinshasa,3
C09643,47,Male,Kolwezi,1
C09644,63,Female,Goma,1
C09645,54,Female,Kolwezi,3
C09646,68,Male,Kananga,3
C09647,45,Female,Kisangani,3
C09648,48,Female,Lubumbashi,1
C09649,28,Female,Kinshasa,2
C09650,40,Male,Kananga,1
C09651,19,Male,Goma,2
C09652,57,Male,Matadi,1
C09653,58,Female,Bukavu,4
C09654,44,Male,Goma,1
C09655,52,Male,Lubumbashi,2
C09656,19,Female,Lubumbashi,1
C09657,56,Female,Lubumbashi,2
C09658,54,Male,Kananga,2
C09659,38,Female,Lubumbashi,4
C09660,22,Male,Kisangani,1
C09661,69,Male,Kisangani,1
C09662,62,Male,Kisangani,3
C09663,38,Female,Lubumbashi,1
C09664,46,Female,Kisangani,1
C09665,37,Male,Likasi,2
C09666,55,Male,Kolwezi,2
C09667,37,Male,Kolwezi,1
C09668,67,Male,Lubumbashi,1
C09669,42,Female,Mbuji-Mayi,3
C09670,19,Male,Kananga,2
C09671,49,Male,Bukavu,1
C09672,43,Female,Kananga,1
C09673,23,Male,Likasi,2
C09674,58,Male,Kananga,1
C09675,20,Male,Likasi,3
C09676,50,Male,Likasi,2
C09677,18,Male,Kananga,2
C09678,68,Female,Bukavu,4
C09679,22,Female,Likasi,1
C09680,30,Female,Kisangani,1
C09681,36,Female,Kinshasa,2
C09682,29,Male,Kinshasa,2
C09683,65,Female,Matadi,1
C09684,42,Female,Lubumbashi,1
C09685,68,Female,Goma,1
C09686,52,Female,Kisangani,1
C09687,29,Female,Kisangani,3
C09688,47,Female,Goma,2
C09689,22,Female,Lubumbashi,2
C09690,51,Female,Kinshasa,1
C09691,39,Male,Bukavu,1
C09692,56,Female,Likasi,1
C09693,30,Male,Goma,1
C09694,64,Female,Bukavu,1
C09695,20,Female,Matadi,1
C09696,37,Female,Likasi,2
C09697,48,Male,Kananga,3
C09698,22,Male,Kisangani,1
C09699,41,Female,Likasi,4
C09700,57,Male,Kananga,3
C09701,50,Female,Kinshasa,4
C09702,25,Male,Kananga,3
C09703,41,Male,Kananga,2
C09704,67,Male,Mbuji-Mayi,2
C09705,37,Female,Goma,1
C09706,33,Male,Likasi,3
C09707,67,Male,Goma,2
C09708,69,Female,Likasi,2
C09709,29,Male,Kisangani,2
C09710,30,Female,Kolwezi,2
C09711,62,Female,Goma,2
C09712,59,Male,Goma,1
C09713,56,Female,Kisangani,3
C09714,42,Male,Likasi,3
C09715,63,Male,Kisangani,3
C09716,49,Female,Bukavu,3
C09717,41,Male,Kananga,1
C09718,65,Male,Kisangani,4
C09719,64,Female,Likasi,1
C09720,61,Female,Kinshasa,3
C09721,26,Male,Kisangani,1
C09722,57,Female,Lubumbashi,2
C09723,67,Female,Kisangani,3
C09724,40,Female,Goma,2
C09725,67,Female,Bukavu,2
C09726,30,Male,Mbuji-Mayi,2
C09727,49,Male,Kisangani,2
C09728,67,Female,Kolwezi,1
C09729,32,Male,Lubumbashi,2
C09730,53,Female,Kinshasa,1
C09731,66,Female,Kisangani,2
C09732,22,Male,Kananga,1
C09733,39,Male,Kananga,2
C09734,33,Male,Lubumbashi,2
C09735,58,Male,Goma,1
C09736,27,Female,Matadi,2
C09737,41,Female,Goma,2
C09738,35,Male,Lubumbashi,4
C09739,66,Female,Goma,3
C09740,35,Male,Kananga,3
C09741,24,Male,Bukavu,2
C09742,21,Male,Matadi,1
C09743,43,Female,Kananga,1
C09744,22,Female,Kinshasa,1
C09745,33,Male,Kananga,3
C09746,52,Male,Goma,1
C09747,43,Male,Bukavu,2
C09748,35,Male,Matadi,1
C09749,46,Female,Kisangani,1
C09750,40,Female,Matadi,1
C09751,31,Male,Kananga,2
C09752,32,Male,Kisangani,2
C09753,66,Female,Lubumbashi,2
C09754,50,Male,Likasi,2
C09755,42,Female,Kananga,3
C09756,38,Female,Kolwezi,3
C09757,34,Male,Kananga,3
C09758,40,Female,Lubumbashi,2
C09759,60,Female,Matadi,1
C09760,34,Female,Kinshasa,4
C09761,31,Female,Kisangani,1
C09762,46,Male,Kolwezi,1
C09763,37,Female,Likasi,2
C09764,47,Female,Lubumbashi,2
C09765,36,Female,Likasi,1
C09766,56,Male,Mbuji-Mayi,3
C09767,30,Male,Kolwezi,2
C09768,35,Male,Kolwezi,2
C09769,40,Female,Mbuji-Mayi,2
C09770,63,Male,Kolwezi,2
C09771,50,Male,Kananga,1
C09772,56,Male,Mbuji-Mayi,1
C09773,57,Female,Matadi,1
C09774,35,Male,Mbuji-Mayi,3
C09775,26,Male,Matadi,2
C09776,50,Male,Kinshasa,2
C09777,49,Female,Goma,2
C09778,34,Female,Kolwezi,2
C09779,36,Male,Kisangani,1
C09780,44,Male,Kisangani,1
C09781,23,Male,Goma,3
C09782,52,Female,Bukavu,2
C09783,54,Female,Kananga,2
C09784,51,Male,Kolwezi,2
C09785,37,Female,Kolwezi,3
C09786,42,Male,Goma,2
C09787,21,Female,Matadi,1
C09788,27,Male,Kananga,3
C09789,27,Female,Lubumbashi,1
C09790,41,Male,Kisangani,1
C09791,38,Female,Lubumbashi,1
C09792,28,Male,Mbuji-Mayi,3
C09793,44,Male,Matadi,3
C09794,33,Male,Bukavu,3
C09795,43,Male,Lubumbashi,4
C09796,47,Female,Kisangani,1
C09797,66,Male,Kisangani,2
C09798,33,Female,Kisangani,2
C09799,24,Female,Kinshasa,4
C09800,33,Male,Kolwezi,1
C09801,52,Male,Lubumbashi,4
C09802,33,Male,Mbuji-Mayi,1
C09803,57,Male,Lubumbashi,3
C09804,29,Female,Mbuji-Mayi,2
C09805,52,Female,Kisangani,3
C09806,66,Female,Kananga,1
C09807,38,Female,Mbuji-Mayi,1
C09808,67,Male,Matadi,1
C09809,60,Female,Kolwezi,2
C09810,53,Male,Kolwezi,2
C09811,65,Male,Kinshasa,4
C09812,34,Female,Likasi,2
C09813,49,Female,Lubumbashi,1
C09814,58,Female,Goma,1
C09815,23,Female,Kinshasa,1
C09816,41,Female,Goma,3
C09817,44,Female,Likasi,3
C09818,37,Male,Kolwezi,4
C09819,42,Male,Matadi,2
C09820,19,Male,Kisangani,1
C09821,26,Female,Kisangani,1
C09822,45,Male,Mbuji-Mayi,2
C09823,55,Male,Kinshasa,4
C09824,20,Male,Likasi,1
C09825,37,Male,Matadi,1
C09826,23,Male,Kisangani,3
C09827,56,Male,Mbuji-Mayi,2
C09828,50,Female,Lubumbashi,1
C09829,18,Female,Kolwezi,3
C09830,54,Female,Lubumbashi,1
C09831,23,Male,Kolwezi,4
C09832,62,Female,Lubumbashi,1
C09833,51,Female,Mbuji-Mayi,1
C09834,64,Male,Matadi,1
C09835,32,Female,Kinshasa,1
C09836,62,Male,Kolwezi,2
C09837,43,Female,Likasi,2
C09838,31,Male,Goma,2
C09839,24,Male,Matadi,2
C09840,63,Female,Matadi,1
C09841,48,Male,Mbuji-Mayi,1
C09842,41,Female,Goma,4
C09843,48,Male,Bukavu,3
C09844,46,Female,Matadi,1
C09845,59,Female,Likasi,2
C09846,49,Male,Matadi,2
C09847,34,Female,Kananga,1
C09848,31,Female,Kolwezi,2
C09849,57,Female,Kisangani,2
C09850,53,Male,Matadi,1
C09851,65,Male,Matadi,1
C09852,41,Female,Mbuji-Mayi,3
C09853,62,Female,Likasi,1
C09854,44,Male,Mbuji-Mayi,1
C09855,42,Male,Kinshasa,3
C09856,49,Female,Kolwezi,3
C09857,69,Male,Likasi,1
C09858,35,Male,Mbuji-Mayi,3
C09859,63,Female,Goma,2
C09860,35,Male,Goma,1
C09861,54,Male,Matadi,2
C09862,43,Male,Kisangani,3
C09863,26,Female,Mbuji-Mayi,1
C09864,52,Male,Kinshasa,2
C09865,25,Female,Mbuji-Mayi,2
C09866,37,Male,Mbuji-Mayi,2
C09867,59,Male,Kananga,2
C09868,39,Female,Kisangani,2
C09869,36,Female,Mbuji-Mayi,1
C09870,47,Female,Lubumbashi,2
C09871,45,Female,Lubumbashi,2
C09872,52,Male,Matadi,3
C09873,60,Female,Kinshasa,2
C09874,28,Female,Kisangani,2
C09875,48,Female,Kinshasa,4
C09876,66,Male,Goma,1
C09877,65,Male,Likasi,1
C09878,56,Female,Kisangani,1
C09879,53,Female,Kananga,1
C09880,47,Female,Kisangani,2
C09881,40,Female,Mbuji-Mayi,1
C09882,36,Male,Kolwezi,1
C09883,29,Female,Kananga,1
C09884,32,Male,Matadi,2
C09885,48,Female,Kinshasa,3
C09886,60,Female,Lubumbashi,3
C09887,54,Male,Kananga,1
C09888,54,Female,Matadi,2
C09889,32,Female,Goma,1
C09890,46,Female,Kisangani,1
C09891,67,Female,Kisangani,3
C09892,60,Male,Lubumbashi,2
C09893,43,Female,Kolwezi,1
C09894,61,Female,Kinshasa,2
C09895,19,Male,Likasi,1
C09896,37,Female,Kisangani,1
C09897,32,Male,Likasi,2
C09898,69,Female,Kinshasa,1
C09899,21,Female,Goma,4
C09900,39,Female,Goma,2
C09901,67,Male,Likasi,3
C09902,55,Male,Lubumbashi,3
C09903,40,Female,Likasi,2
C09904,43,Male,Mbuji-Mayi,2
C09905,68,Female,Matadi,1
C09906,28,Male,Kananga,2
C09907,45,Female,Lubumbashi,1
C09908,19,Male,Matadi,1
C09909,25,Female,Kisangani,2
C09910,46,Male,Kinshasa,3
C09911,28,Male,Goma,4
C09912,54,Male,Kinshasa,1
C09913,35,Male,Lubumbashi,2
C09914,67,Female,Bukavu,3
C09915,31,Female,Likasi,1
C09916,27,Male,Mbuji-Mayi,1
C09917,52,Female,Matadi,1
C09918,26,Male,Matadi,3
C09919,52,Female,Kolwezi,1
C09920,28,Male,Goma,1
C09921,61,Female,Matadi,2
C09922,29,Female,Lubumbashi,3
C09923,20,Male,Kananga,4
C09924,56,Male,Bukavu,2
C09925,31,Male,Matadi,4
C09926,45,Male,Kananga,1
C09927,28,Male,Matadi,1
C09928,56,Female,Lubumbashi,4
C09929,42,Male,Kananga,2
C09930,38,Female,Kisangani,1
C09931,27,Male,Matadi,2
C09932,60,Female,Kisangani,3
C09933,32,Female,Kolwezi,3
C09934,36,Male,Goma,3
C09935,65,Male,Lubumbashi,2
C09936,39,Female,Mbuji-Mayi,3
C09937,38,Female,Lubumbashi,2
C09938,69,Male,Likasi,2
C09939,61,Female,Mbuji-Mayi,3
C09940,49,Female,Likasi,2
C09941,67,Female,Kananga,1
C09942,40,Female,Kolwezi,1
C09943,30,Female,Kananga,2
C09944,22,Female,Matadi,1
C09945,21,Male,Goma,1
C09946,45,Male,Lubumbashi,1
C09947,31,Male,Kinshasa,1
C09948,25,Male,Lubumbashi,3
C09949,26,Female,Lubumbashi,1
C09950,68,Male,Mbuji-Mayi,1
C09951,52,Female,Bukavu,2
C09952,54,Female,Kinshasa,3
C09953,38,Male,Matadi,1
C09954,35,Male,Likasi,1
C09955,50,Female,Kisangani,4
C09956,25,Male,Likasi,1
C09957,68,Male,Goma,4
C09958,66,Female,Kolwezi,1
C09959,34,Female,Goma,1
C09960,60,Female,Kolwezi,1
C09961,48,Female,Lubumbashi,1
C09962,51,Female,Mbuji-Mayi,3
C09963,23,Female,Matadi,4
C09964,39,Male,Bukavu,4
C09965,31,Male,Goma,3
C09966,20,Male,Mbuji-Mayi,3
C09967,29,Female,Likasi,2
C09968,53,Female,Bukavu,3
C09969,29,Male,Kananga,1
C09970,62,Male,Lubumbashi,1
C09971,19,Male,Kinshasa,2
C09972,19,Female,Kinshasa,3
C09973,32,Male,Kisangani,2
C09974,40,Male,Lubumbashi,3
C09975,46,Male,Kisangani,2
C09976,34,Female,Kinshasa,3
C09977,49,Male,Matadi,4
C09978,24,Male,Likasi,1
C09979,47,Female,Matadi,4
C09980,45,Female,Mbuji-Mayi,2
C09981,31,Female,Likasi,2
C09982,61,Female,Kinshasa,3
C09983,47,Female,Kisangani,2
C09984,34,Male,Lubumbashi,2
C09985,49,Male,Lubumbashi,2
C09986,63,Female,Kolwezi,1
C09987,23,Female,Bukavu,2
C09988,68,Female,Kananga,1
C09989,41,Female,Kinshasa,4
C09990,23,Male,Kinshasa,1
C09991,44,Male,Kisangani,2
C09992,35,Female,Kolwezi,4
C09993,41,Female,Goma,4
C09994,54,Female,Bukavu,3
C09995,41,Female,Matadi,2
C09996,55,Male,Matadi,1
C09997,51,Female,Goma,1
C09998,57,Female,Kolwezi,1
C09999,64,Male,Bukavu,3
C10000,32,Female,Kinshasa,1
